,index,code,title,message
0,42858,,LifeFuel I will approach 1000 girls and find a GF,"The only way it would happen is if one of them makes up a story to tell the cops, which is possible but not that likely."
1,35393,,Discussion My entire reason of being an incel is on the basis of personal anecdotes. I don't give a single shit about what any study says.,"yes i remember the atmosphere in middle school (grades 6-8), high school and college

it was always terrible, and almost like Tinder already existed, all the girls were aggressive and nasty and chad-only, as early as 2002

they were also very much against ""awkward guys"" who were likely to approach girls naively to ask them out for a date, which is no big surprise since the girls were all chad-only, approaches were"
2,20382,,would you date or marry a woman if her dad was in the mafia?,This.
3,85378,,"Can we please stop with ""i look like ___"" without picture threads",I'm sure there are infiltrators who'll be able to see everything. There's no reason to post your pics.
4,87864,,Blackpill What blackpill is the most BRUTAL?,"Heightpill. Because it's something that can't be controlled, yet women treat guys under 5'10"" as if they were drug-addicted pedophiles with AIDS."
5,87106,,Guys underestimate the number of lesbians in the world,"I know two lesbians - one switched, married, settled down, and now has a kid. The other one hooked up with a guy at least once (that I know of), but she still follows the lesbian lifestyle and lives with a woman. In both completely independent incidences, both guys were gigachads
An interesting thing I notice is that lesbians are either very hot or very ugly -- the former can't meet men that meet their looksmatch standards, the latter refuse to pair up with their looksmatch and would rather go for pussy"
6,47311,,Experiment Mentalcel VS. Uglycel,"Mostly mentalcel, it feels like nobody needs or wants another single male in their friends group or in their lives, anywhere."
7,25270,,NSFW BBC lie is exposed,I've always known that this type of shit was fake even though I never really watch porn.
8,132170,,It's Over Future of Irancels getting cucked in their own country,True
9,78342,,Women would be TERRIBLE game designers.,There are a few okay ones.
10,46077,,Serious How many of you would actually be decent members of society if you could get laid?,fuck knows
11,131785,,Incel to Chad -> Chad to Incel morphs,I fucking love the blackopscel fallout icon.
12,19504,,Should I try to find a wife in my church community?,"There's a mosque next to my house, maybe I should make the switch."
13,77510,,Incel arithmetic,"ugly + confident = creepy

ugly + muscular = compensating

short + confident = Napoleon complex

ugly + loyal = friendzoned

ugly + rich = betabux

ugly + smart = dork

ugly + funny = clown

ugly + confident + muscular + loyal + rich + smart + funny = unloved forever


there is no hope"
14,47314,,Has any woman ever accidentally sent nudes to you?,"i got a text once that just said:

""where the hell are you

-blondie""

(in my language blondie can be gendered and it was gendered female)"
15,119166,,Based Be as edgy as you can to get media attention,"We're already monitored by the fbi, it's not too different to what right wing groups are experiencing currently"
16,58882,,Does Elliot Page mog you?,YES YES YES
17,70820,,LifeFuel Most foids will burn in hell anyway,"No in the eyes of God abortion is the same as murder, just because they won't spend time in jail on earth doesn't mean that they won't suffer the same outcome in the afterlife"
18,5335,,Experiment What's your race?,Sand
19,917,,LDAR Complete list of .is sandniggers!,And looks
20,70012,,Discussion Elliot Rodger and Adolf Hitler are more similar than most people here realize.,However Hitler got laid whilst Elliot didn't get any
21,47308,,Serious How do you prevent your own white knight behaviour?,"I was walking on an almost empty street once while a crazy homeless guy was pacing around and yelling in the distance, a foid I hadn't noticed yet got really close to me while still keeping mostly out of my sight, so close that she was almost peeking out from under my armpit, literally silently using me as a human shield until we got past that guy, then quickly distanced and left without addressing a word/gesture to me once 'the danger had past'.

Foid attitude towards favors/knighting in a nutshell, remembering this helps me from white knighting too hard, but I would probably still lapse for a girl that was a very good genetics match."
22,47309,,Do you have virtual friends?,"I have a friend from another country I stay in very regular touch with since 2003, we've worked on small projects and talk about useful stuff like school/jobs as we went through them, I have another I also worked on small game projects with and exchange autist jokes frequently with.

It does very little to deaden the pain in the long term."
23,86347,,Serious Which Christian denomination is most incel- and loner-friendly?,"It is. Yet ex-Jehovahs Witness foids always scream that JW's are the most misogynistic religion in the world; they're not. At best, the view of foids is based --- marry early, don't be a slut, don't move out before marriage, faggotry is viewed as immoral --- but besides that, its a gynocentric tradcuck religion. TBH I used to be part of a meetup for former Jehovahs Witnesses, but I stopped going because it was full of faggots whining about homophobia and bitter foids angry that their parents disapproved of their slutting around"
24,85377,,"Can we please stop with ""i look like ___"" without picture threads","If I looked like you I wouldn't be incel.

But I don't want to post my pics here and neither should you."
25,108970,,RageFuel ONE OF THE MOST CUCKIEST ANIME IVE EVER SEEN,"some arent , but this is propably the cuckiest one i seen so far , dude made me litteraly rage"
26,24484,,It's Over Incel trait: being sad when a long time or well known member gets banned,"I miss a lot of the older posters. Definitely an incel trait. Free , , , and more tbh."
27,34101,,JFL JBW killed noodle wife “in rage state”,gay thread full of 99% ignorecucks
28,129697,,Serious If a villain asked for your help to destroy today's society,"tbh the media is doing us a favor by casting incels as villains, very dark triad which is a attractive personality trait to foids, boosting SMV."
29,139967,,Whats your current LDAR setup?,High libido
30,125627,,"Being ""A Man"" is bullshit",Incels are real men. We don't give in to soycietys bullshit
31,47184,,"SuicideFuel time to go to sleep, hugging a pillow in my arms and pretending it's someone who loves me","For a very long time I couldn't sleep any other way, usually on my side or belly.
As my TMJ (jaw) problems got worse I have to sleep on my back which doesn't give that feeling of being curled up at all and makes it harder for me to fall asleep unless I'm physically exhausted."
32,137334,,I can barely even listen to music anymore.,"Most western music is jewed one-hit wonders. Jewboi has the tha raps for u retard ape monkey head.

You might like this."
33,52821,,Based Hitler: The master race is the one who work tirelessly for his community,This is a retarded take
34,32010,,The entire society and morality was turned upside down,Foids made a deal with kikes to destroy it all
35,14121,,JFL @ all the ethniccel copers who think they are virgin at 20 because of there race.. look at this GIGANTIC MOG,"Idk who's what percent what, I just know that we're all ugly as fuck."
36,73193,,SuicideFuel Emotions coming back!!!,"I won't be fapping now for 3 months,will explain later in a thread"
37,22254,,Can you be incel if you are 6'4?,Height doesn't matter. Looks are everything.
38,68696,,Blackpill The absolute biggest insult a male can receive,"I think the biggest insult a man could receive is a vehement ""creepy"" for just being socially awkward. Like others have mentioned, at least you're friend-zoned. When you are creep-shamed, you are banished into an inescapable pariah pit, and you are no longer allowed to talk to any other females."
39,111257,,RageFuel Accepting truth HOLY TRINITY LMS IS ALL or Cope,Darling in.the franxx is absolute suicide fuel and im about to finish violet evergarden soon.then i start animegataris (has nothing to do with the monogatari series but the title sounds interesting so yea)
40,43889,,Serious It is more important to appease men than it is women. Here's why:,"and yet you still see chads here and there, i always thought this would be the new evolutionary pressure and bottleneck, who is resistant to plastics and xenoestrogens and who isn't"
41,62143,,Serious Just because ER killed a few ricecels doesn't diminish his day of retribution,"it's obvious that ER killed them as an expression of extreme self hatred. There's a reason why he did it brutally with a knife, yet got cucked by a door at the sorority house. I admire the manifesto, but at the end of the day, he's a HUGE white worshipping self-hating cuck, that could barely get over simping on the day of retribution. Relatable manifesto, but he's hardly a person worth worshipping."
42,88874,,Too nice?,Yes. This describes my experiences to a t.
43,139954,,I WISH GUNS WERE LEGAL IN THE UK,"Land whale harpoon cannon

[attachment=2438]"
44,41553,,JFL Tall girl realizes what it's like to be virtue signaled at.,"great find

don't want to ""deal with it"" and ""man up"" do they"
45,42296,,how do normie men in relationships handle the pressure of having to wine and dine their girl all the time?,"lol, no joke. this is what normal, successful men actually do.
they don't marry or even get engaged with them at 18. but that is when they meet them and start dating.

HOLY COW if you let yourself get intimidated by society to the point that you are single and too old for even 19-20 girls to look at you because of hair/aging.
OH MY GOD.

Ngl, I have some trouble imagining it along with my shitty stressful job, where they just throw improperly-planned shit at me all the time and expect me to fix it somehow."
46,69616,,"Hypocrisy Women sexualize men in the workplace just as much, if not more",The guy must be a chad
47,68409,,Would Jason Vorhees be the ultimate incel super hero?,I wish they would make a Friday the 13th that was more from Jason's perpective- and that he killed more people and more rapidly. Jason kills people at the rate a teenager jerks off.
48,68688,,JFL What do you call a Chad jew,"I like ""Chad-Kenazim,"" because it has an element of Ashkenazim Alpha Jews shitting on Sephardic Beta Jews implicit."
49,2935,,I miss my buddies from r/Incels,"I'm from /r/incels too, though I don't think anyone ever noticed me."
50,131766,,You will never be more than a cuck you don't look like this in 2017,"Fuck it's fucking over. I will never get to fuck a female, let alone be a 'beta'."
51,139963,,can jews be chads?,Jews are a race. Full blood Jews are Khazars. Black/Curry/Rice Jews imposters.
52,20453,,Elliot Rodger was a failed chad,He'd slay if he wasn't an aspie.
53,68683,,Serious What would you do if they shut down this site?,"Being an incel is like being veal in a cage. They tell you to respect women, never approach them, never complain about it. Then they bitch about how because men never complain and keep their pain bottled up they go crazy and commit suicide. It's this bullshit way of passive-aggressively murdering men.  MAKE UP YOUR MIND BITCHES."
54,47667,,RageFuel Adultery is shit,it would be cool to cheat on my wife and then punch her for be uppity about my adultery
55,85380,,Their is no hope.,"I'm 5'11"" and I've been told by girls that's too short. Not like I'd be getting any if I was 6'4"" so being king of the manlets doesn't bother me much."
56,39400,,RageFuel My day is ruined,it's what I'd recommend
57,47316,,Serious Do you think it´s possible to recover mentally after spending your teens and 20s as an incel?,"- your miracle wife will have vastly more sexual experience than you and try to force you into facing it one way or another, and to her advantage (i.e she's not a whore and you're a loser), and she can bring this up any time during arguments
- your miracle wife will not coddle you or support you or give you ""an easy time"" because of what you've been through, show any visible sign of your mental scarring and you are in trouble
- sex with your miracle wife won't be a refuge or a place for healing, it will be exactly the same as the rest of your relationship with her, something where you are weak and she is strong in total defiance of the natural order of things"
58,28836,,Would you be fine with a looksmatch society?,"Yes, idgaf as long as she's skinny."
59,111251,,RageFuel Accepting truth HOLY TRINITY LMS IS ALL or Cope,"Old rant got deleted how ubfortunate howev as a 5,7 max 4 smartcel your fuckt from pua to pua attempts and now mgtow incel

The holy Trinity lms is litteraly all, but it dosnt stop there you need to be suparb in either of those, average get dumped sooner or later and just are utility 

If your outcast and not cultivate like a extro lord does you have it even worse not, that i care its a fake fest anyways after 300 hourd of red and blue pill you see things

I now dont give 1 shit i did everything in my power not that wymins arent that important anymore but you get treated like trash in general go the monk route and lern to be a big jerk to everyone

~ i didnt ask for this shit therefore i owe no one shit"
60,30365,,JFL Old hag wants to have a child with Chad,Chad but spelled out with chink letters
61,79969,,SuicideFuel You will never experience a woman looking at you like this,What's that faggot doing with his toes?
62,74598,,Women Share their Opinions on giving Blowjobs (Extreme Sui Fuel),Reading that there would make me want to join isis
63,111250,,RageFuel Do Not Open This Thread If You're A Depressed Incel,Usefull*
64,99884,,"Self improvement ""for yourself"" might be the biggest cope BS of all time","Self improvement is another Gaslight ( for man of Course ) because Woman are gOod tHe wAy tHeY aRe "" .

So society has more productive Retards in the Mix that dont know that the Game IS heavily stackesd against Them.

A Fat Woman IS able to fuck Chad and IS called Goddess On Occasion. 

Self improvement my Ass."
65,47307,,Blackpill My predictions for the future about society (5-10 years from now),"good predictions imo, as for 3rd world women, lol, all the eligible whitish 3rd world women are already under pressure from
- getting obese and undesirable
- taken by wealthy darker toned immigrants that were already there and mogging the natives
- doing heavy whoring/sugardating bullshit with 80 year olds and other dubious clients because of poverty

a place with easy access to thin, attractive light-skinned women does not exist anywhere because the entire world is a market now."
66,97421,,I dont masturbate anymore,when i need to release i release .
67,35784,,Blackpill Young couples dont exist anymore,"yes, young couples if they exist are a mess of racemixing and dysgenics
racemixing where it's either a guy trying to get the cheapest girl possible, or a girl trying to get the most dominant man possible
dysgenics where tall guys pair up with extremely short girls, or very ugly girls

also, don't forget...

even if there is a VERY stable and loving couple... they will sit for decades without having kids, and only breed when they are old enough to have kids with a high risk for autism or other disabilities. this is a rule which is never broken. even for the best relationships between soulmates. NO EXCEPTIONS"
68,71901,,Every day i think about my useless life,"Turning 31 in 3 weeks and yet I'm still here, fuck I hate myself for never having the guts to rope 

Anyway my whole existence is a complete joke, I have never done anything in my life, even if I try I usually just fuck it up all the time, there is no point in even trying anymore

And the fact that I have never had a girlfriend goes through my mind everyday to and the fact that almost everyone is having sex at least once month, seriously I wish I lived a good life up to the point of 20 and then just die of cancer rather than having to live possibly another 30 years of this whole pathetic thing called life

If I had to have been born in America I would have probably went ER long ago"
69,131773,,What does the future hold for us incels?,"Some might get lucky to beta a girl, we're gonna become lonely wagecucks; except a incel is exceptionally intelligent he won't make it far. It's fucking over."
70,45596,,It's Over Anyone else lost their sex drive?,"only when the depression/oneitis hits, for a few days, otherwise my dick is only getting angrier as time goes on"
71,45100,,"""B-but intelligent people are lonely wolves""",and yet here we are
72,802,,Serious Did YOU ever hear the Tragedy of Chidambaram The Currycel?,What's that?
73,26053,,"Blackpill ""Toronto like a surveillance prison"", Stephen O'Keefe, targeted incel/loner of Toronto","I thought I was a hardcore believer in government psyops and attacks on citizens via heavy surveillance, but this shit is on a whole other level."
74,5368,,"If you had power, what would you do to cucks, numales, and feminists?","Personally, I'd have them gathered in a public place where they would be flogged and tortured. So the truth about these people would be made clear and they would serve as an example to others."
75,88848,,Autism-related question,"No. Being a womanizer requires the ability to “roll with the punches” with witty banter and being skilled at reading facial cues, two items that HFA guys are often incapable of."
76,86031,,JFL Lithuaniacels kick BAC Kpop mogger out of nightclub,"The asian guy denied entry ought to know how often asians deny entry to non-asians in clubs --- far more common than europeans banning non-whites, I'd wager"
77,64854,,Blackpill Do you regret anything??,You're right 6'5 is definitely neccessary
78,74597,,I hate nerdy and smart girls.,I hate every woman who has walked the earth
79,10149,,"Blackpill Reminder that there are examples of females drooling over Nazi, pedophile, terrorist, etc. Chads",Aren't females amazing?
80,74580,,BRAZILLIAN MODELS BURNED ALLIVE IN A FERRARI CAR CRASH,I hope all sluts like her end up like that in hell
81,19502,,Should I try to find a wife in my church community?,"While I have no gods but Blackops2cel, I'm part of a strict old fashioned christian community from the middle east. The Coptic Orthodox Church, these guys are basically Muslims that pray to Jesus instead of Allah. If I stay in this community I could probably find a wife in a few years. Of course she wouldn't be attracted to me, and I'd have to provide for her. But she'd basically be my property, I think it would even be permissible to beat her."
82,120146,,"i gained 26 pounds in one month, its getting bad","running will suck when you're heavy tbh. I couldn't run not even a mile when I was fatter. now I comfortably run 6 miles at a pace of 5-6mph

make sure you get used to it tho. eat some food, run for like 1-2 miles and then walk the rest of it, and walk less and run more. it takes time and your feet will hurt.

t. used to run 6 miles everyday when going to work before,  still runs these days"
83,68685,,Venting To all the people who say you don't even try,"Let's face it dude. It's over. Absolutely DO NOT approach IRL- you WILL be creep shamed.

Hasn't your mother told you, to NEVER talk to strangers? The only opportunity where it is okay to talk to a stranger is if an authority figure is present, and they deem it okay for you for the situation to allow a social interation. 

You might have a chance online- but even then I would be extra honest in your profile, in case if you meet  a chick in real life and ended up creep-shaming you posthumously. If you aren't CHAD you're never in the clear."
84,131654,,Grabbed a femoid's ass today,Can confirm. Sometimes train gets so cramped that I'm pushed to a roasties' boobs and asses unintentionally. Would never attempt it myself though.
85,139423,,It's Over The delusion and pain of a coping bluepilled 41 year old virgin,"Sounds like a mouth-breather. By age 35-40 he could have easily afforded better copes. Bicycling is healthier, but it does not get out the rage like a fast car does."
86,51501,,News Troon suicide rates have gone up by 72%,I didn't think having Trump in the white house would be this glorious. Christmas came early
87,71609,,This is foid thinking,Foids haven't invented much stuff throughout history so there is no need to worry
88,86411,,do we stand a better chance with right-wing or left-wing women?,"Women are pragmatic to a fault and don't really have beliefs or values. They just follow who they view as powerful, or politically align themselves with policies that let them get away with slutty behavior and laziness"
89,88092,,Discussion (spoilers) Does the Joker expose societies treatment of low status ugly men?,"keep in mind this is Hollywood, and a persons face cannot appear on screen if he’s ugly, but yes, it is implied that his character is an unattractive individual"
90,88079,,What race of foids made fun of you the most?,Negresses. Throughout middle and high school I was constantly mogged by Tyrones
91,87707,,Theory Women are actually aware of the blackpill,"It is in their best interest to keep men blue-pilled. If women admit the following....
Then the vast majority of men would say ""Fuck it"". If the blackpill goes mainstream, women are screwed, because they will be forced to become independent and have to take the shitty dangerous jobs that ""independent women"" avoid, and will no longer have ""bodyguards on demand"" (i.e. the whiteknights) when they're faced with a dangerous situation"
92,68681,,Serious What would you do if they shut down this site?,"And not just shut down this site- what if they shut down all the subreddits, r9k, etc. What if they made it so inceldom were illegal as pedophilia, how would you cope?"
93,28599,,Who is the ultimate incel?,Me. I am the truest truecel.
94,67254,,Serious What's so bad about a porn addiction as an incel?,"Give me a better argument than ""it's cucked."" The great mathematician Pascal once said ""All human evil comes from a single cause, man's inability to sit still in a room.""

So to me, if you're just some trucel sitting in his room jerking off, you are, by his timeless quote, not committing direct evil. The only bad thing about it, really, is that it drags you into a state of mediocrity. If you are truecel it's not like you have anything better to do . . .

I've diagrammed how I personally came upon just accepting my state of being a functional addict.

TIME SPENT AS A TRUCEL:

VIDYA -----> Hours of fun ------> Some Korean kills you ------> You're not cut out for this

GYM -------> You get tired -------> you remember that your face/height is fucked and loose motivation to go the extra mile

HANG OUT WITH FRIENDS ------> oh wait . . . silly incel you don't have IRL friends -------> shitpost on Incels.co

GO OUT -------> rejection ------> suicide

HOBBY ------> starts fun ------> feels like work ------->  get tired, lonely, and depressed

SIDE BUSINESS ------>  keep buying shit ------> realize you got nothing done but spend money and think of unactionable ideas

SUBSTANCE ABUSE -----> takes you out of your head -----. fuck your body up -----> start wussing out on your ability to fuck yourself up

PORN -------> Hours of intense pleasure --------> You blow a load --------> you wait till you get hard again"
95,28831,,Anybody Else High T and Left Wing/Liberal at the same time?,"I'm an independent authoritarian right winger (closest to neoreactionism), but I honestly hate cuckservatives and mainstream right wingers. They're among the bunch who browses IT."
96,117160,,LifeFuel Noodlewhore killed in Australia stabbing!!,"Probably cheating on her bf being an university student in Australia and trying on clothes.




Rekt!!!



Foids should never leave (alone) from China, period."
97,77590,,RageFuel How do normfags get laid so easily?,"Contrary to the common coping mechanism of incels, normies are infinitely better off than us. And most of them don't earn enough money to betabux, so if a young normie had a girlfriend, she  him for sex."
98,139651,,Blackpill If your a friendless INCEL there is no point in owning a house.  Also its impossible to have a normal Wedding.,"I live the LDAR NEET lifestyle in a old 1970s trailer on a small plot of land in a low property tax district. It’s funny 
seeing some of these normies married to a landwhale stressed while paying mortgage for a McMansion. 
Wageslaving on the plantation while voting for the next Jew’d politician hoping things will get better. lulz"
99,19512,,This man understands,https://streamable.com/59j2l
100,135597,,It's Over England captain Harry Kane is married to your looksmatch,"I agree,
Nordic blonde overrated."
101,56015,,Race Poll 2023,curries coming in strong- let's get more chinks in here
102,88215,,"Experiment If you ever ascend, will you tell your hole you posted here? Postmaxcels GTFIH",Nope. It doesn’t need to know I posted here. Especially with the worsening reputation incels are getting
103,85349,,Do you gymcel?,"Gymcel for 13 years. There's a lot more of us in the gyms than it looks like at first glance. Most have more sense than me though, and quit after a few years."
104,104120,,SuicideFuel Brutal blackpill and dogpill found on normie site!,"good , at least some normie gets it 

woman laughing in the background bc they want to defend their victim status 

jfl"
105,82526,,Serious Society.,"His ""solution"" is basically to serve society and find meaning in suffering. Foids want us to work and pay taxes and keep the world running and stay out of sight. Jordan Peterson wraps that up in some mysticism and self-improvement philosophy, but the essence is the same. Know your place and sacrifice for the world that rejected you.
I'm sick of his shit."
106,104967,,RageFuel How the fuck do you guys even leave the house? It's fucking suifuel,"you take 1 or 2 beer with you and leave your house

lol 

i moslty leave for groceries anyways , today i just left because this FUCKING ATM PIECE OF SHIT MACHINE SWALLOWED MY CARD , and i had to clear shit with my bank"
107,132879,,Plans for today.. Saturday 28 of June.,Gonna load up on Tesla next week. I need a quick 20k.
108,139711,,Jews created the incel epidemic and are responsible for my subhumanes,"Kingmaker Jew

 The man behind the throne.
[attachment=2417]"
109,19514,,I can't wait until reddit reports us and then our host doesn't do anything,Why are they so desperate to get rid of us? What did we ever do to them?
110,32448,,JFL The amount of incels on r/autism is alarming,she says this in a space for women
111,95043,,Discussion Does anyone else get anxiety seeing other people cross milestones?,"Why do you compare yourself with a Woman ? 

Of Course she has It better Then you and she gets constant  positive Reinforcments"
112,66689,,"Serious Nobody cares if you are incel, just be yourself","How did you pass the essay to have an account here?

The worst thing about talking to women is the lack of risks they take. They need to be guided like sheep, and then they complain about being mansplained later. They are anxiety inducing."
113,86754,,Jobs/occupations where it's really easy to get laid,"You can be in the sausage-fest oil industry, but if you have Chad traits, you'll get pussy

You can be a personal trainer surrounded by foids on a daily basis but if you have goblin features ----  ---- you're only sexual company is your hand"
114,74600,,inceldom rotts the brain,"Its such a terrible feeling to have,no matter what medications i take or whatever counseling I get its does not help me in anyway what so ever"
115,122529,,RageFuel How do I stop feeling empathy for foids?,I'm training to uncuck myself
116,51916,,LifeFuel OUR NEW MESSIAH: Day in a life of a curry who will never have sex,"its also the best thing He could have done. We need a hero. A champion who lives virtuously, yet is still treated like shit. There is no incel more Christ-like. No incel more blackpilling"
117,20450,,Cucktears can't get enough of us,"Yep, so far I've seen two of them."
118,22772,,Discussion Are most men in fact incel?,"Yes, I think at least half the men in the western world are incels."
119,67555,,RageFuel 17 year old commits suicide due to a false rape accusation,I think I would also kill myself if I was falsely accused. I'm surprised that it was a Chad too.
120,88866,,JFL Ethnic men are realizing that they are losing their women to white men,No I live in the US but there’s a decent number of Colombians where I live
121,22354,,Toxic Femininity Subtle IOIs that you are probably missing but that are definite proof that a girl is into you,"Man, I wish I got IOIs! At least I know not to trust any of these whores any time in the future since they don't have any current affection for me."
122,131794,,r/short is the new r/incels,"I'd like to join in, but my incel alt is banned from r/short."
123,71398,,What would you choose; being born as a 5/10 woman or a man,I wished I was never born
124,11651,,Venting I hate Christmas season,"I hate Christmas, Easter, Halloween... actually I hate every day of the year."
125,70673,,Venting I hate people,"Humans deserve to be wiped off the face of the planet, just look at the quintillions of murders they committed against other living things"
126,85790,,RageFuel Incel trait: Service staff hate you,"I notice that service staff (whether male or female, tbh) are cold towards me, and I think I know why:  in a normies server's mind.. unattractive = poor = shitty tips. 
Interestingly, I noticed shitty attitude from US service staff, where they live off tips; I've been to several countries where tipping is optional and I didn't get the and attitude that American servers give me"
127,35113,,RageFuel I saw a couple kissing and I changed way,if you share an escalator with couples they always do this and stare at you
128,81729,,RageFuel Girls ignoring messages,What probable cause would an incel have to message a foid?
129,20654,,"JFL ""Size Matter's"" Speed Dating for Women That Want To Date Tall Men","Dating past 25 seems like actual hell and this is one such example of it. The women seem to get more jaded and more used up.

Once I reach that point, I would much rather face the barrel of a loaded 12 gauge and pull the trigger than even make verbal contact with these used up Chad leftovers."
130,88826,,Serious I hate women. But I love my mother,Same
131,77306,,SuicideFuel I’m the biggest gigasperg AMA,When is Starfield coming out?
132,50049,,Theory [4cuck r9k] Self proclaimed 160 IQ super genius' thoughts on inceldom and the blackpill,FUCK I WANNA BULLY HIM SO FUCKING BAD
133,81481,,It's Over Even fast food workers treat me like a subhuman,"But friends also bust each other's balls all the time. When it's a stranger it's usually a test of some kind. A well-adjusted and socially savvy person will respond in kind and you may share a laugh or it might escalate. For what it's worth I've never seen that kind of teasing turn into a fight, in most cases it's just how normies talk to other normies. If you can't handle it and ignore it or mumble something, you will lose status in their eyes."
134,110173,,RageFuel I almost hit the lottery.,just be woman theory
135,44220,,"Women ""working""",america is making military threats because of 5g. it may be over.
136,88863,,what's your incel checklist?,Mine:
137,88880,,Serious Has anyone ever believed in a religion before?,"I grew up very religiously, but I left the church a while ago. Without saying the name, they're very much into proselytizing. I don't believe in much now, but I sort of believe in reincarnation, and I guess you can call that coping, having the promise of a better life in the next round."
138,107862,,It's Over “Just talk to women” they tell us. This is what happens if you’re not a chad and try to talk to women,"chad matters , else not"
139,138959,,"How the fuck do people believe we're free just cause we're living in a democracy? At work it's still a dictatorship, many other places too etc...","Every government, no matter who controls it, is an instrument of oppression."
140,7313,,incel trait: you are short eyesighted,How does that damage DNA?
141,2880,,Numales and cucks should be killed,"Cuckolds, white knights, male feminists, men who donate to female streamers, etc. I believe men that beta should be killed."
142,137421,,Discussion [Theory] A Four Step Guide on How to Quickly Identify Fakecels on Incels.is,Mexican peasant farmers.
143,70502,,Serious What can a parent do to help an incel?,Not force me to go to school
144,139706,,Jews created the incel epidemic and are responsible for my subhumanes,Jew kingmaker - tha man behind the throne.
145,41098,,SuicideFuel [Major sui fuel] I lost my phone last week so I couldn’t talk to foids for 3 days and these roasties started freaking out. No girl will ever miss us.,"thought it would be higher, do you think you could make it that high with every surgery known to man?"
146,113086,,Serious Foid purposely stand next to me on the train on purpose (some new trend??),"I was standing on the train, when a foid around 30 something years old, began walking to me near the train door. She did that twice.

I was at the door, my usual spot. She stood near me, in the middle of the door, I was at the left corner.

I moved away, like 3 cars away. She resumed to middle of the pole and was looking at the mirror, fixing her hair. (Narcissist)

Then I came back. She did it again.

I'm convinced that I'm inanimate to some foids, or that foids establish dominance towards me and other incels.

Perhaps this is some stupid TikTok trend to screw with incels."
147,76428,,How would you be affected by raising the age of consent to 25?,Does it even matter?
148,18282,,Is it possible to be considered attractive as an Arab or middle eastern man?,"No we aren't, the average Egyptian man looks like this."
149,27987,,"Blackpill An easy, short test that predicts whether a teenager will end up incel later in life","Even though I was one of the more physically built kids in my class, I was always picked last."
150,20904,,Thank God We Moved Out of Reddit,r/Incels was pretty much dying anyways because of the infiltrators from IT and TwoX posting violent shit on throwaways.
151,75830,,The cycle of gymcelling,"I didn't take roids, I liked how my body looked but no girl gave a shit."
152,68927,,LifeFuel New incel attacker injuries two foids with a crossbow,"What a shame, still a hERo in my eyes"
153,22868,,Serious Incel trait: you never wash your feet or cut your toenails,I always wash my feet and cut my toenails.
154,111256,,RageFuel Accepting truth HOLY TRINITY LMS IS ALL or Cope,All of them
155,74596,,Is anyone planning on killing themselves,Planning on doing it next year when I turn 30
156,134483,,LDAR NEET shamers are just jealous. Dont listen to them. They would switch their 9/5 for yours IMMEDIATELY if they had the chance...,My NEETbux are saved. Disabled since 2009.
157,129920,,It's Over The true test of whether you have accepted that it is over or not,"The world is a twisted repeating process of natural selection where the strong prevails and the weak perishes. The ultimate blackpill is that after billions of years the whole process will repeat, creatures will be formed slowly.

But liberating the earth for billions of years is better than nothing."
158,75299,,The high school fuckograph,"There's 189 pink dots and 196 blue dots. If you take into account the number of instances where there are uneven numbers, the total numbers are about the same. The research was done in 2004 and"
159,70395,,Barely anyone knows I exist,Most normies get to know others just through their other friends
160,133928,,Blackpill didnt leave my house for about almost 2 weeks,Plenty of ugly people in Walmart .
161,111252,,RageFuel Accepting truth HOLY TRINITY LMS IS ALL or Cope,And black pill* dafuw i came to.blue pill.this one.i.left behind
162,106920,,SuicideFuel have you become higher inhibit and less assertive overtime?,"the best looking , most degenerate ( ala drug access , tattoo wearing etc ) wealthiest people get their shit in this shithole 

the rest is coping , and delusional."
163,72080,,"TeeHee I fucked 8 just this year, met a guy on Tinder and tried to push him to friendzone and he got pissed off, and I'm devastated. How to regain confidence",That is just the life of an average woman
164,64548,,Has the teacher ever told you to sit next to a girl in school and then the girl bursted out in tears?,"yes, there was a Stacey who often had to sit next to me in middle school due to alphabetical naming coincidence, and sitting next to my silent gook ass traumatized her. At the start of every class she would request to change seats immediately."
165,74581,,BRAZILLIAN MODELS BURNED ALLIVE IN A FERRARI CAR CRASH,No I'm new here
166,14910,,JFL this test rated pajeet,Drops straight to 0/10 tbh.
167,81355,,"Serious What's the best way to make ""redpilled"" failed normies and ""incels in denial"" become blackpilled?","They'll come around on their own if they have half a brain.

Or get them to chadfish after they get btfod on Tinder."
168,88871,,SuicideFuel What is the worst type of ethnicity for inceldom?,"And a shy, introverted mestizo (like me) gets cast way at the bottom of the inceldom scale."
169,74589,,Have you guys ever been inlove?,The bitch who I was in love with got me sent to prison
170,26596,,LifeFuel 16-year-oid foid gets her anal cavity literally destroyed after trying to conduct herself getting anally gangbanged.,Same here.
171,78533,,Incel trait: spending the New Year's Eve on incels.co,"Newyearsevecel reporting in.
At least no one knows I spent my every adult new year's eve alone."
172,97786,,test,1 because its uneven
173,84348,,"JFL Foid columnist asks ""Why are modern men so obssesesd with self-improvement?""",Lower your standards. That is why you're incel.
174,121787,,Based Incels are the good guys,"The very same normies who see autists as subhumans, despite the fact that we're more evolved. I wouldn't listen to normfags' biased judgement."
175,130886,,JFL Kid finds his mom's huge dildo while husband laughs in background.,It's over for dildodadcels
176,131793,,"I don't watch porn, I just jerk off Instagram pages of girls I know.",I do the same. Have an fake instagram account to follow girls and save fap material.
177,75427,,Post what horrible things femoids did to you,"In 5th grade a girl punched me in the balls. It was in a full classroom, she was drunk and she thought it was funny. I didn't do anything to her, before or after. The entire class laughed and I ran out bent over and cried.

She now has a wonderful life and three kids and is like a model mom. Her sons are Chadlets and they're into sports and martial arts and you know what they're doing to weaker kids in school.

There is no hope, there never was."
178,139950,,STAY AWAY11!,He’s doing God’s work.
179,77885,,Why are pimps always black?,Because whites would look ridiculous.
180,74594,,RageFuel International womens day on thursday,No better day to go ER
181,68257,,women get off on men dying for them,"Fuck, I hate how that movie makes hypergamy seem normal. Nobody ever looked back and called out Rose for being a slut. All they remember is that it was tragic.Tragic that she had the fire of self-preservation to live on to marry betabuxx, yet remember her Chad up to her deathbed.  I say good riddance. A bunch of rich fucks dying an ice cold death aboard the most luxurious boat ever conceived."
182,106262,,Based Incel fakes being a tranny to get thrown into prison and rape the female inmates,Based
183,16121,,Experiment Would you rather be a plane-fapping curry or a street-shitting curry?,Is it because of their huge population or something?
184,111172,,Serious why haven't you roped yet?,Going the eliot rodger route and basically walk amok
185,73663,,LifeFuel Women get the respect they deserve,That was in belfast ireland
186,85350,,Do you gymcel?,"My experience is identical, although I wouldn't rely on lifting to give you skill at fighting. I've also been into wrestling and kickboxing for a long time and given the choice, I'd feel safer with an average body and a few months of training/sparring at a fighting gym than with just gym strength and no experience fighting."
187,19355,,I've decided to give up shaving and haircuts,I look better with a beard because it covers my terrible facial structure and acne scars.
188,19980,,lets hope inceltears keeps bashing us,And they're just going to get banned.
189,99148,,"Based If You Don’t Have Atleast 100 Days Online For Every Year You Have Been a Registered User Here, You Are a Fakecel","I have over 13k Posts and when im Not on this Site i Play dmc4 Dante , PSO 2 Till POE becomes fun again , some League and Other random Shit. 

Im a Certificated neetcel tbh"
190,139249,,MGTOW think women are only attracted to money from a man.,What about chad vs. chad? Chad with the most money wins!
191,136544,,SuicideFuel Juggernaught Law Applies to Men Also: Dwarf Chad Fucks While Us Ugly Manlets Rot!,femoid pet
192,85451,,LifeFuel 2 reasons why I will never kill myself (and why you should never kill yourself too),"I have mixed feelings, tbh.

But I am waiting for my parents to go before I carry anything out - they're the only ones that check on me, and also.... my fucking bullies win - those pieces of shits are all doing good in life now, while I fucking offed myself"
193,47300,,SuicideFuel Females expire at age 20.,"All the shitty processed food, smoking and makeup pretty much ensures they'll only look nice, bright and clear at an early age up to 20 or so, which is when you'll never touch them unless you're 1000% NT, only the coolest most careless dude on the block will take them out while you're letting yourself get browbeaten into ""hitting the books"" by your parents like a fucking moron, only to want to suicide in your 20s when you realise what's happened and that there's no going back."
194,131786,,Describe Your First Negative Experience with a Girl,"I was in some forced course for a membership for job training programs, there are like 8 girls and 2 guys, me and another quietcel. 

The girls were so hyped minded they talked about the popular Korean stars (very popular in my country) but one blackpill that caught my attention. 
-All of them have boyfriends, except me and the male quietcel
-The girl said that she said to her ex: ""If I'm wearing high heels, then you get the fuck off from me, don't he know he's short?""
This was so fucking brutal considering the girl was high heels on was about 5'7.
-A girl and her boyfriend went to the toilet, there were 'sounds of chains moving'

I instantly felt like shit; that was before I know of blackpill. However one time I can't take the girls pressure and wants to go home to skip that class, the girls just laughed at me and called me faking. Very humiliating.

Thinking back, this is the blackpill I received, fuck roasties and their hive bees.."
195,111249,,RageFuel Do Not Open This Thread If You're A Depressed Incel,"Attention clits thats all, they should do porn then so their uaefull to some extend"
196,120762,,"Experiment ""Incels never die"" lyrics - any brocels good with AI?",nah man. we are fighting
197,74586,,"going to the gym and playing sports beats down your body, making you more depressed","Last time I went was two years ago,only went to it 4 or 5 times,realised it was,nt going to do anything good for me"
198,137650,,Discussion Why colombia didn't become SEA ?,"Many sex workers in Columbia see HIV testing as pointless, because they lack access to adequate treatment should they test positive."
199,68692,,Serious Is There a Way to Fight Back Against Virgin Shaming?,"Well who said anyone used the term ""incel"" in any of these situations? You are implying just because people think you are a virgin, they would lump you in with the incel movement. That's pretty worse-case scenario. The problem is that OP even got himself into this entanglement in the first place. Obviously you don't bring up inceldom IRL, unless if it's to some other incel, or some Chad buddy who wouldn't give a shit anyway.

And it's because he doesn't understand the neccessity of masculinity. You hate your fucking life, no friends to cope with? Tough shit, you gotta keep your lips shut and just spill the beans here, that's what this site is for. Spilling spaghetti in uncalled for situations is bitch-ass behavior that invites you to get treated like a bitch.

OP needs to man-up and reinforce toxic masculinity in his own life. The lives we live are not much different than a penitentiary full of rapists sniffing out weak men."
200,109421,,It's Over [suicide fusl] this is why you are rotting on NYE,trannymax boio
201,49486,,Discussion Do you care about teen love at all?,I MAKE MY HATRED OF WOMEN INTO AN ARTFORM
202,33037,,why do people still cope that you can ascend later in life with younger women,"they also love to piss off men, whenever they get the chance. this can't be understated.

i imagine if you pressed them they would say that a 40 year old man isn't fertile anymore or can't get an erection, just to fuck with you and tick you off."
203,139712,,Jews created the incel epidemic and are responsible for my subhumanes,[attachment=2419]
204,79157,,"Anyone so ugly, you wouldn't accept if a girl asked you out?","I'd accept even if I was sure it was some kind of prank. I'd tell her where and when and not to be late, like I got foids asking me out all the time and I'm used to being obeyed."
205,88876,,"She likes to ""travel""",I like to travel = I like to try varieties of dick + I enjoy degenerate activities where no one knows who I am.
206,12489,,Story CurryCel story from highschool,Being ethnic is suffering.
207,16929,,SuicideFuel JFL @ JBW deniers,"I can't, the racepill destroyed me."
208,128894,,Blackpill No we don't need more women in steam,My browser automatically spellchecks for me. Just right click the red underlined text
209,68686,,TeeHee Cuck tears made a comic about us,"The takeaway I get is that being our authentic selves on this website can inspire artwork out of IT foids. It validates that our struggle is both valid and interesting. Perhaps for them, it's akin to the fascination one would get from watching baboons fling turds at each other behind a glass. It also reminds us, glaringly, that a FEMALE has absorbed our thoughts in some sense in order to produce this work. She is like Jane Goodall, and we are all apes with a strange yet palpable fascination, or closeted desire that she may be different and want to understand us. BUT SHE PROBABLY HAS A BOYFRIEND AND THEY ARE BOTH LAUGHING AT US."
210,117721,,Big Fuck me.,Do you take jewpills?
211,20332,,guide to getting laid for fakecels/volcels (so they can leave this forum),"Nice name snag.

But even if you're a 6-7 you can't get anyone in 2017, being a 6-7 is very difficult for anyone to get a girlfriend unless they had money.

Women approach men who they find to be physically attractive. If you have to approach then it's O V E R."
212,91216,,RageFuel 6'4 Chang and his white foid.,Well you got a point lol .
213,133545,,Brutal Being an incel in latin america is hell on earth,Island of garbage.
214,17643,,Experiment Poll for incels: What race are you?,"North African, Egyptian."
215,8499,,SuicideFuel Feeling like shit about balding,"Some days I cope with it better than others, but it's making me feel like shit now. Even though I know it'll never happen, I dream of one day being able to find some unicorn foid who could look past my inferior ethnic heritage, but what foid could ever look past someone being bald AND ethnic. My chance of ascension went from 0.0000000000000000000000000000000000000000000000000001% to 0%."
216,19511,,afasf,"Yep, feminism was a mistake. Females need to be put in their place."
217,84608,,My hatred towards Normans have intensified,"This is the kind of thing they'd read and laugh. Why give them all that power? They just got our sub banned, but we are still who we are, we found a new home and we can still spread the blackpill everywhere."
218,4784,,"Just rewatched Mulan, it's pretty blackpilled","I just noticed how Mulan is always trying to peak at Shang, and acts nervous around him. Then when she's bathing in the river and the sub 8 men come along, she is completely disgusted by them."
219,28262,,Can goth girls be Stacys?,"Maybe. Some goth girls are incel-tier, while others are worn out after many, many Chad cocks."
220,28832,,nofap is not cope at all,"I masturbate maybe once, maybe twice a month, and it's a HUGE cope.

The more you cope the closer you rope."
221,28056,,Who wants to join the official ********** skype chat?,"I don't want my IP logged by some faggot with Wireshark, nty."
222,59259,,"Once you're past an age where you could go to university, if you don't already have a STEM degree, a shit life awaits you.","you should major in sociology because you deserve to listen to sluts for 4 years straight

STEM is actually easy if you take into consideration that all you need to do is get above a B average. You don't need to be an academic rockstar in STEM just to get a corporate job."
223,22179,,THESE ARE THE MEMBERS OF INCELTEARS!,"Yup, real Chads and Stacies aren't pathetic enough to find an obscure subreddit full of virgins and kick them off.

Just a bunch of sad, fat fucks."
224,29011,,JFL I love not sleeping with my bf,"bitch be like ""i'm on vacation rn"""
225,18608,,Would you beat women if it was socially acceptable?,Don't you think they should be punished if they misbehave?
226,73491,,Biggest chad,Genghis khan
227,51987,,RageFuel SILICON VALLEY JARED FUCKS,"Ever watch this show and get enraged at the idea that normies wrote this and they think it's a joke that ""Jared fucks?""

OF COURSE HE FUCKS. He's a tall white guy! He's the tallest character in the show! He may be high-inhibition as fuck, but it would be obvious to any truecel that the guy fucks. If anything, it's proof that the Russ Hanneman, as a short betabuxx billionaire-lite, he has the incel eye for the ""real"" alphas and betas in a room."
228,87450,,Experiment What would soyciety be like if everyone openly acknowledged the blackpill?,"Over several decades to perhaps a century, the world would be a combination of the problems that Japan, Italy, and Spain have -- the globe will be full of LDARs, male suicides (like Japan), and dwindling communities filled with old people (Spain, Italy)"
229,59635,,Advise from a new member,are you a 12 year old girl? Get the fuck out of here
230,66008,,Serious my sister had an abortion,"Your sister is a whore, but she did the right thing by not spawning Chad's incel bastard son"
231,85345,,Lindybeige on whether he'd like an ugly long life?,[video=youtube]https://www.youtube.com/watch?v=aWK5lMgWHwI[/video]
232,47076,,Threatened by MiniChad while checking out Stacie,only hobos/drunks can see me
233,74089,,RageFuel Women and Smartphones,"I hate steve jobs for creating them,glad that he is dead"
234,53608,,Blackpill Why do black incels not exist?,they are watchin DBZ coping with sneakers
235,23048,,"News A female Harvard grad loses her analyst position at Deloitte after joking about stabbing individuals who say ""All Lives Matter""",Based. Soyciety needs to be less lenient on holes who do this shit.
236,131781,,How has finding /r/incels and this forum helped you? Was it good or bad?,Gives me a place to vent with like minded people and the free speech is high.
237,69704,,Theory Do Women Have an Incel Fetish?,Timothy McVeigh the Oklahoma bomber
238,88882,,RageFuel Women have never treated me like a person.,"Women treat me like some humanoid alien thing --- close enough to interact with, but not close enough to form a sexual relationship with. Chads are nice in a patronizing way. Random foids look right through me. Foid co-workers discuss their sex lives and bodily functions in the open as if I was some animal that won't comprehend and hence won't feel embarrassment."
239,131787,,my mom can't undestand my ''mental illness',"Therapy is useless. It was just expensive and waste of time. It's just like punching a punching bag. You're pretty much venting to a 'psychologist' who either does nothing or gives blue pill advises. Mine did nothing.

Well at least my school gets to fundcuck for my 'therapy' and I get to skip some classes.

You're better off venting on incel forums."
240,131791,,Chad is fucking stacy right now while you're jerking off,I'm watching less PIV porn nowadays because of this.
241,132898,,SuicideFuel I am like a stinking vermin rat,Jew monopoly
242,139710,,Jews created the incel epidemic and are responsible for my subhumanes,"When (((they))) spend 100s of millions promoting feminism/Islamophobia worldwide, it should be of concern. The Clarion Project is just one. Don’t be a goycel."
243,119864,,Discussion media with an accurate cel character?,"Not incel but common among incels.

Pvt Pyle from full metal jacket is pretty similar. He was not strictly incel, but he, when forced into a high pressure environment (the military) simply can't cope and because he constantly failed his teammates, he was beaten for it. Finally, he snapped and shot the drill sergeant with a M14 then suicided."
244,88881,,Serious What is the general political party of incels?,"Authoritarian. My ideal would be between Singaporean orderliness and a ""UAE-lite"", socially conservative society.

I was a bleeding heart leftist liberal for years, until I woke up and realized that this is the type of society sluts thrive in."
245,88770,,Experiment why white men and white woman are so different?,Because white foids are worshiped and they know it. They can fuck everything up in life and they'll find some cuck to rescue them.
246,2884,,JFL Fousytube gets canceled for claiming to have had sex with a white foid,What he even do bad here?
247,73911,,LifeFuel Two women stabbed by 27 year old man,no in critical condition
248,63841,,Venting It's cringe to see inceldom described without our jargon,"you know, I really wish I can replace those normie emoticons with the pepe emoticons on my cell phone . . . I feel like incels have made great contributions to the English language, and it's only inevitable more of our jargon will end up on Merriam-Websters"
249,88541,,Serious Why do some people here think rape is ok?,"I don’t advocate rape, but I am skeptical of rape claims. 
too many times, a drunk foid wakes up one morning and realized the dude she fucked wasn’t as attractive as he seemed the night before, so she says “I was raped”.
If she’s pregnant but doesn’t know who the dad is because she was in a gangbang —- “I was gang raped”
The laws are fucked against men; rape shield laws allow a foid claiming rape to remain anonymous, which screws his defense"
250,31058,,SuicideFuel My mom is starting to charge me rent,"very interesting reality you're living man, but there was really no reason to tell them how much it's worth"
251,111258,,RageFuel Accepting truth HOLY TRINITY LMS IS ALL or Cope,"Im at the same episode, seems like a slice of life thing emotional clit gets propably.her emotions back and meets her chad
.."
252,22085,,Blackpill Incel trait: You were undemanding (mature) as a child,"I was demanding when I was real little, but after I turned 5 or so, all I wanted to do was read books, play video games, and play with Hot Wheels and Matchbox cars."
253,131770,,How long is your penis?,5-6. My dick is 4 inches NPEL because fatcel; planning to exercisecel soon.
254,50737,,"Serious Hey incels, we need to talk about consent, so listen to this TED talk",I INSIST YOU WATCH EVERY SECOND
255,87548,,JFL If we ever needed more proof most women are absolutely braindead,"""Like for fucks sake, I'm trying to figure out who you are so that I can love you to the best of my ability""
As opposed to loving him for his actions, loyalty, and character, you stupid bitch?"
256,56648,,Brutal American Pie ruined my life,"that's why it's so dangerous though. It really does sell the joy of teenaged American white sex as a normal experience. And it IS normal for Chads, and Chads and white normies of that time will all say it's realistic-- it IS realistic for these men. Like it's not like a Steven Segal flick where it IS obviously unrealistic for one old ponytail man to beat up 60 men with his fist. The experience of American Pie is BELIEVEABLE, because the things that happen in the film are everyday suburbia.

 These films makes you really believe that Chads are normal people,  and as a consequence of you not living to the sexual accomplishments of the men in this film-- you in turn, feel like absolute shit. You feel like SHIT cause you are not tall, white, NT- with a pack of bros encouraging you to score, with beautiful women everywhere. Women know you are not tall, white, and NT like the men in this film, and you're just out of place.

You can't even undo how it warps your fucking mind in how you see women and relationships. The film pedestalizes holes in the worst ways, and encourages impossible to achieve sport fucking. It makes it clear as day that women are just fuckhole sexual gatekeeper antagonists and not real people  . I really do WISH I could see women as human beings-- but I just can't, I want their pussy too bad. I cant undo the pussy as celestial trophy indoctrination the film champions. The film just makes you want to FUCK like a nightmare.

The worst part about the film is the hypocrisy-- there is an ""attempt"" to make Stiffler the bad guy, there is an ""attempt"" at them trying to teach a lesson to not be like Stiffler, but all along the way the film always hands out pussy as some kind of REWARD for people that play the game the best that's just JEWISH TRICKERY. Everyone, audience, and writers know, Stiffler is the heart of this franchise, and it's done with a big wink to fool the idiots that grasp at straws for the moralfaggotry in everything. And the end of the day, it's a kind of pornography, that's worse than actual honest pornography because it masks itself as some kind of legitimate film, when it isn't. At least with porn, it's a lot more clearly unrealistic. But functionally American Pie and vanilla porn are the same thing-- you really DO just watch it for the tits and male power fantasy. American Pie certainly has a very strong and judgmental point of view about male virgins being losers that's hard to shake off-- but honest porn NEVER insults it's own audience.  And for short ethnic men particularly, this film is about as realistic as a Bond flick.

And you're just STUCK in this mindset, it's hard, because the ideals the film sets is so heavenly. I and other short ethnics  will always yearn for this style of american white teen sex that we've  already failed to achieve. It's better to just NOT KNOW ANYTHING AT ALL about the sex lives of people better than you."
257,68695,,What is the worst place to live in as an incel?,"The USA, specifically: San Faggot-cisco, in fact, the whole Silicone-Valley GAY-area, is a with a small but loud contingent of politically powerful man-hating dyke heathens who openly hate the incel programmer elves who mostly populate the area now, as they jack up rent, insofar that being a Kumbaya poetry teacher who works 3 hours a week will no longer pay the bills. 

I consider these incel elves the backbone of the US economy, as they churn out our nation's tech toys for Santa Chad techbro billionaires who do don't even fucking work or program, they just tell what these elves what to do on a business trip, and then fly out of that shithole to have cocaine filled polyamourous Burning Man parties on their 10,000 foot yacht off the coast of Marbella- and then write a book about how Stoicism makes them feel better. Pretty soylent green, that SF incel programmers love to lap up the insincere wisdom of their Chad techbro masters, but I digress.


The GAY-area is a miserable fucking experience. Even if you are making 150,000+, that is NEETbux tantamount to being able to precisefly afford sharing a room with 10 other pajeets buttfucking each other in a one bedroom apartment. It's a shithole where you literally whore yourself for cash, then leave. Living there long-term, the incels are so deluded they think they need to become a literal billionaire to ascend. They are locationcelled, so they are probably right. This vicious rat race perpetuates the new cycle of psychotic greed: it's not found just in Wall Street, it's at Stanford baby."
258,42965,,LDAR How my attempt to  be active citizen and stand in protest against militarisation failed thanks too stoopid teenie girlie,NO!
259,128125,,Experiment Recessed Chin Jawless foids are disgusting,"I really hate foids with recessed chin, but that's not the main issue. JAWLESS FOIDS ARE THE FUCKING WORSE.

Those pathetic skull creatures shouldn't reproduce and create new generation of incels. If she was born a man she would have roped long time ago.

She is probably fucking chad with sharp jawline and wide chin while we are rotting

Foids without jaw and chin are subhumans. I've seen many of them. Yes they're not even bloated or fat.

Given a chance, would I fuck a JL RC foid? Sure but I won't fucking reproduce with her

On the other hand I don't hate jawless RC men, I admire em for their courage and dedication in life that they have made it that far without roping. Those people while lacking in looks have good reproductive quality in IQ and brains."
260,68684,,"Serious Do you consider yourself ""entitled"" to sex?","Incels that actually feel ENTITLED to sex piss me off. We should strive to be nobler in spirit. To feel that entitlement is no different than some slut feeling she's entitled to a 6'4"" CHAD."
261,111255,,RageFuel Accepting truth HOLY TRINITY LMS IS ALL or Cope,Here in ger you learn english since grade 3 ususally your at the age of 8 by then so yea its gotten pretty easy by now to.unterstand everything
262,137992,,Blackpill Wageslaving is the most cucked thing imaginable,"I havent physically worked since 1995. Too busy investing and enjoying hobbies while others slave more until old age. The trick is to work very hard long hours when young and save as much as possible to get that problem out of the way, pronto.

When I wasn’t invited to prom and the parties, 500$/hr. sufficed back then."
263,87950,,Blackpill Sex havers vs Incels (A death toll perspective),"Based.

It's simple --- higher T, more sexual activity....also a result of higher T, more prone to violent behavior. 

The Chad that'll pick a fight with you in a bar for a stupid reason has no problems getting his dick wet. The Tyrone that punches you in the back of the head because you refused to give him spare change very likely has 2-3 kids from different baby mama's
Whereas most Incels are just rotting in their rooms, bothering no one. Yet normies focus on the few cases of incels losing their shit, when in reality that kind of behavior from incels is extremely rare."
264,138302,,Discussion Why do ugly fat white women feel entitled to tyrones?,"She thicc, not really obese."
265,19515,,Indian women are the filthiest of Allah's creatures,"They are the ugliest females, but are as entitled as any other femoid."
266,68690,,Serious Is There a Way to Fight Back Against Virgin Shaming?,"Do you think it would work if you just politely told them not to bully you? It's usually virtue-signalers that are the bullies nowadays, so they might feel ashamed to realize they are punching down.

Along the same lines, maybe a tag like ""what are you gonna do next, give me a swirly, and titty-twister? I could use a good titty-twister in lieu of sex (if the bully is thot female) . . . """
267,85261,,But why don't you guys go for fat/ugly girls?,"Let's say there's 100 guys and 100 girls.

Top 5 best looking guys will have the top 25 girls banging them or holding out for them.

That leaves 95 guys competing over 75 girls. Not bad odds, but the next top 5 best looking guys will be banging maybe 15 top remaining girls.

That leaves 90 guys competing over 60 girls. Still not horrible odds, but the next top 10 best looking guys will be banging maybe 20 top remaining girls.

This leaves 80 guys (sub-8) competing over 40 girls. I'm assuming not many of those girls will tolerate sharing sub-8 guys, so let's assume it's all monogamy for 80 guys and 40 girls, and let's disregard that two sub-8 guys might have to share a 4/10 girl.

The thing is when there's such competition in a buyer's market, the criteria get higher. The women are not attracted to sub-8 guys so not only will they get inferior experience from the girls who have to settle for them, they will have to offer other things like betabux or have some amazing talent at something or just be a constant dancing monkey to have a hope of hanging onto that 4/10 girl.

So yeah, you guys who are 8/10 and 7/10 and looksmaxed 6/10 can go ufter fat/ugly girls but what about the rest of us?"
268,138561,,It's Over I would worship God,some people
269,88873,,Too nice?,"Hypothesis: unattractive guys appear harmless and people are willing to walk over them.

Agree or disagree?"
270,85606,,Blackpill Would people assume you were a virgin just by looking at you?,"I don't want to sound like I'm saying that foids can sense things, but I do agree that foids can tell if an adult man is a virgin; their ""wiring"" is programmed to sniff out male rejects and avoid them.

Some guys can tell, as well. Once in high school I overheard two niggers talking about me, they thought I wasn't listening, and one said to the other ""yo, you think andinocel is ever gonna get married?"".
In a part time job I had while in college, I was with a group of coworkers and we had a lot downtime on the job. There was a Tyrone (who had already fucked two coworkers and also dealt with a coworker stalker, but that's another story), two guys, and one girl. They were talking about relationships and of course the subject came to me. I wasn't quite blackpilled yet, and I lied, in order to not look like a loser, that I had a girlfriend - the group giggled and the Tyrone made an exaggerated shocked look and said ""mindblown!""

If you're a sub-5 truecel, people just cannot imagine you with a partner."
271,131779,,Thoughts on NoFap?,Just LOL at nofap followers. These people are hypocrites to the max saying sex is fine but masturbation wasn't. Literally both thing stimulate the dick the same mechanism.
272,74604,,Women are fucking useless,"Hello fellow incels I'm new to here,l have finally came across people who I can finally relate too"
273,131625,,Imagine being a Father and Allowing Your 15 Y/O Daughter to have Sex,My fucking sister is 11 and already have a boyfriend. I bet she will be fucked by chads and pregnant after a year or two.
274,74253,,"Venting I miss the 90s, oldcels GTFIH","The good ole days, the time in which i never had a worry in the world"
275,21303,,Discussion are there any guys here who are 6'4 and up,"Currently I'm 6'2"", I wish I was 6'5"" lol."
276,19508,,What should be done to females,https://www.youtube.com/watch?v=oHBTVzRreSY
277,47299,,Experiment Incel childhood,"""moved before 16"" hits hardest
my parents first ripped me away from classmates for no reason after 5th grade (the new school was supposed to be more ""prestigious"" and ""difficult"" jesus christ what the fuck was wrong with them)
then we also changed homes
then I also had to transfer to another highschool after 1 year because i was a braincel and i got into a way too shitty one at first

when I think back to all the summers where I was still around friends that were spent locked inside kept away from them so i could do ""extra homework"" given to me by my mom... christ, only a miracle worker could slap together a normal social person out of all this stupid shit"
278,139960,,The whole #MeToo movement described in one image (blackpill),[attachment=2429]
279,19129,,Reminder that FA women do not exist.,I believe females like that should be forced to have sex with Frank Yeagar.
280,126036,,I am severely depressed,"You may consider some med, Prozac works well for me."
281,82386,,RageFuel Sour graping is one thing really pissing me off about incel communities,M-muh dimorphism
282,88657,,Blackpill Elementary school sets the course for your life,My adult life mirrors my school life:
283,80522,,"Blackpill We incels are expected to attend weddings, celebrate Valentine's Day, etc.",I've been to one wedding when I was like 8 or 9 and I've never celebrated Valentine's day. And no one ever gave a shit because I'm an incel so my absence is appreciated.
284,20475,,im stalking a inceltears bitch,"That'a absolutely hilarious. I bet she's living in a trailer trying to apply for welfare checks while being barely able to sustain herself, making $15,000 a year as a bagger and having to resort to 56kb/s dial-up."
285,24939,,JFL Which one is the best and why?,"Shinji Aoba isn't an incel. He claimed the studio plagiarized his work, so he did what he thought was right (it wasn't). We shouldn't put mentally ill people within incel ranks otherwise the cucks will start to use that against us to get all our spaces shut down and our homes raided by government nigger agents.

Picked Chris Morgan though. Based bagelcel."
286,74637,,Succubus summoning guide,Pussy is not worth having your soul being devoured by demons.
287,58137,,JFL incels.is is like Flagrant 2 for virgins,"The freedom of speech we push, the energy and wild takes we bring, makes me think that we really aren't that much different than the sex-having Flagrant 2 podcast. The only difference is they have sex and are NT, and we are ugly virgins hiding underneath anime foid avis.

There is no limit to what being NT and popular can allow you to do societally-- you can say crazy ass shit and get away with it. But if you are a virgin, autist & loner nobody's on  your side. Especially not females. The leash afforded to us is as short as our statures.

I'm not even sure why I listen to Flagrant 2.  I certainly listen to it more because I respect that curry manlet Akaash more than Andrew. But you have to admit, as funny as Akaash is on his own, he would be nothing without Chadrew Schultz. To a certain extent, for short ethnic men, they MUST be knighted by some popular Chad in order to ascend. SOCIAL PROOF handed out like a present from Santa Chad for being good little cuck all year up to Christmas. Its just cucked as fuck that short ethnics need ""vetting"" from these Chads to make it permissible for foids to feel okay fucking low-status men. We are literally given the post-cummed whores Chad doesn't want.


Tldr, It is not possible for some short ethnic man to carve out their path without some Chad ""knighting"" them as ""cool"""
288,68687,,Serious This site is addictive,"I love this site too. It's the only place where people don't hold back. One positive benefit is that my addiction for incel content has replaced my porn addiction. I'm not sure which one is worse. In all honesty, a porn addiction is probably healthier, because the dopamine keeps you bluepilled, happy, and non-threatening. Now I have random fits of rage when I think back about the unbearable truths we reveal."
289,139475,,Experiment Another which would you rather poll,Oy vey
290,19777,,SuicideFuel It's catastrophically mind blowing how much we missed out on,"Honestly, this should be permanently pinned."
291,71265,,JFL IncelTear is filled with trolls and LARPers,When will we ever come face to face with these fuckers
292,93235,,Blackpill Humans that I gave my life for dropped me instantly the moment I couldnt give more,"It was never about the collective and always about yourself . 

Second guess People , be cynical . Nobody truly has your best interest in mind ."
293,85273,,"""Go see a therapist""","No, not this guy.

Anyway the purpose of therapy for incels is to diffuse our anger so we don't become a threat to anyone. There is no other purpose."
294,88418,,SuicideFuel I'm 27 but only attracted to teen girls.,"JFL at people who think teenage girls are innocent, pure-minded and wholesome"
295,87265,,Blackpill Girl rejects boy for being to short,"That was some cringey ass shit, but it's blackpill 101. Foids see nothing wrong with it, though, but dare a guy say to his internet girlfriend ""I thought you were skinnier"""
296,68689,,Blackpill Your jealousy of Chad outweights your desire for Stacy,"No homo here, but it's not women, or sex, or the worthless value they provide that occupy my mind- it's full on about CHAD.

I don't think Stacy's love (which is fleeting at best) could ever transcend what could be the fantastical euphoria of knowing that you are CHAD. I think though there are obviously real life Chads,  the way our language uses him, what we really fantasize about is THEE CHAD. The impossible masculine ideal  tailored to our own identity and is ultimately a figment of our imagination. And in my mind the paramount quality of Chad is effortlessness.

Sure you could ascend one day, perhaps, some day you would best Chad at fucking Stacies, but ultimately it is worthless. . While you were busting your ass in Calculus, Chad was busting Stacy's asshole during Calculus. You could fuck a ton of whores someday, because you own a yacht what the fuck does that matter? Chad was fucking drug sluts with daddy issues in MIDDLE SCHOOL because he could marginally skate better than you. You will never catch up. He fucked Stacy before puberty, because even as a pre-pubescent, he was still genetically superior. On top of that Chad , but she lied and ended up just having it because she wanted to spread Chad's genes so bad, she was willing to ruin her life for it, now Stacy is a single mother motel worker scubbing cum off sheets because she's so mindful of Chad she didn't want to burden Chad with bastard children.

What does that say about your priorities? I think if one is driven by the jealousy of Chad- they are more blackpilled by nature, yet will never ascend due to the lack of positive thought patterns. If one admires Chad, I think you are more redpilled and are more likely to ascend because your mind is exercising aggressive and improvement oriented thought patterns. If one is driven by the desire for Stacy more, you are still bluepilled at heart, and will only ascend by fluke."
297,20191,,"It's Over I’m a shycel, I never tried to approach women",Yep. Plus I'd rather not get a sexual assault/stalking/harassment charge.
298,88456,,If you haven't lost your virginity by 21 its highly likely you will never lose it.,I guess I'm fucked
299,111260,,SuicideFuel Official weekend rotting thread ( Fakecels stay out !!! ),"What is a volcel, im pretty new to incel terms but not redpill etc

I? I gymmed i.jogged deep.down for femloids/wymins now i cope may loose sone wheight agaib gained like 20kg or.so so yea"
300,24667,,"Look How This Actress Aged (Girl From Top Gun, 1986)","That's what a shit ton of drugs, sex, and all nighters do to you. I've seen pics of foids in the countryside from 50-60 years ago and they looked way better at this foid's age than they do now."
301,24176,,Cope An Incel accuses Incels at Larpers.co for being fakecels,"This dude only has to get an otoplasty and he can easily become a solid high tier normie-low tier Chadlite. Mogs the shit out of me, lmao."
302,85347,,How many times were you in a fight?,"I worked as a bouncer a couple of months, I don't know if that counts. If so, maybe in like 20-25. If not, then 3 proper fights. I came out on top in all three. Martialartscel."
303,89234,,Experiment Is this guy a fucking volcel?,He wants a long term relationshit with a pure Woman . Delusional .
304,42859,,LifeFuel I will approach 1000 girls and find a GF,"Since the rejections are staying brutal, maybe we should use this thread to think up some better openers.

I think the trouble with coming up with a good opener is that there's a large gap between your personal experiences, so you can't just say be like ""Heyy... are you bored today too? Let's chat/go for a walk/coffee."" to the girl, because they probably aren't bored or lonesome and easily have a bunch of things in mind like somewhere they could be or some friend they could meet, or some event that wants them to show up just because they're a girl.
So you'd have to break apart from that somehow and invite them to something or to make her be something other than just the girl that will cure your loneliness/boredom at that point in time."
305,136923,,"RageFuel I feel terrible, FOMO-like jealous rage about the upcoming summer weekend",Normies paying $2000 rent and $5 gas. I don’t see much joy amongst the herd.
306,86694,,Theory You have to be ultra high t to truly rape a foid,Nope. She was a noodlewhore -- she just had her hair dyed
307,21042,,JFL VAUSH GOES FULL BLACKPILL MODE,"Vaush really called Tate an ""incel chieftain"" LMAO. These bluepilled retards are so disingenuous. Tate LITERALLY hates us and went on tirades on incels on his Twitter account when it was still up."
308,42857,,LifeFuel I will approach 1000 girls and find a GF,Why would he get arrested?
309,126976,,used up roastie brings up 6'8 husband in conversation for no reason,Females have a status by proxy system where her partner's status is indirectly her status. A female can be 4'9 but can have the status of a 6'4 man because her boyfriend is that and that
310,139949,,What is the worst psychological pain you have experienced?,"50 Years in prison, but they gave me early release."
311,102856,,JFL Foid feels outraged at finding out that her bf paid for nudes/videos online,"Abosulter Base , die ist propably einversüchtigt das er nicht sein ganzes Geld an seine Freundin von Fotze spendiert.

Kek"
312,69362,,Banned for 3 days off Reddit for “harassing tallfag”,I'm banned for life
313,28586,,I am Zyros 10 Years Ago. Looks are Everything,"Lose weight, maybe you can still be Zyros now under all that fat."
314,132340,,SuicideFuel Weed is the devil's fart if you're NDcel,Apple Fritter
315,47312,,Anyone else so ugly they can't even get checkout girls to say hi to them?,"Even if they don't start out hating you, cashiers/etc will get more and more curt and rude with you the more they see you, if you don't somehow make interesting conversation with them."
316,111879,,Experiment Have you ever stolen something?,Hello FBI
317,8552,,LifeFuel Taylor Swift has a gook lover in her new music video.  Ricefuel for lifecels.,ricefuel
318,27519,,RageFuel Women are apparently entitled to incels getting the shit kicked out of them for them.,"Hell yeah, fuck with these normie cucks say. It's gonna be funny seeing them with black eyes, posting on Reddit ""I defended a wymyn today!!!"""
319,122246,,Serious the official university research confirms our ideas,Incels are literally ISIS
320,139707,,Jews created the incel epidemic and are responsible for my subhumanes,"1:25 
[video=youtube]https://youtu.be/8AgyYtn7aOc[/video]"
321,10469,,Serious If you would fuck a landwhale as a gymcel you're a CUCK,I won't fuck a foid if I can't bench press twice her weight.
322,68762,,This is the dream Incel job,Worth doing it for 6 months
323,19506,,"What are curry women like irl? I never met one close, only seen from distance","Not all but I've definitely met a few who smell bad. Most of them are pretty ugly with too much excess facial hair, a few decent looking ones here and there though. They are whores, just like every other female."
324,139896,,I got falsely charged with a crime based on my looks.,"Slow it down sum, be humble and don’t ruin ur life."
325,88857,,Serious i honestly dont hate women,I don't hate women but I have very little respect for their shallow behavior and puerile thought process.
326,62435,,RageFuel the most unfair thing in life is the sex,"NOT HAVING SEX MAKES ME ANGRY. I'm not even horny, I'm just jealous. I just want to fuck so I feel validated.There's nothing more unfair than not having FREE UNPROTECTED SEX from a woman you love, and then nutting in her and having a child, and then abandoning that child after she refuses to have an abortion. And then repeating the process till you have made the world far worse than you when you arrived in it."
327,88872,,"Experiment Would you sell your soul to the devil, if you become a Chad in return?",Yes
328,137714,,Blackpill Life doesn’t start until you looksmaxx,"Bottom of social ladder?

I’ll pull up in muh candy red Tesla Roadster w/SpaceX package and smash chadlite gf. Betabuxx her with a Louis Vuitton handbag  and it’s over for looksmaxxer. 




I don’t play boyos, just kiddin‘. 

They like shiny things, so its not all about looks.

Don’t stress yourself over them. If they don’t accept you for who you are, leave."
329,139957,,Full of hate,"Theres a thousand Hitlers on the rise. LDAR and watch the sh*t show.
[video=youtube]https://youtu.be/PzjICiXZ1-w[/video]"
330,77029,,Why should there be a child benefit and not a celibacy allowance?,"I mean child benefits. There shouldn't be child benefits. If they want to have babies fed, Chad should hit the construction site and Stacy should hit the casting couch."
331,88865,,JFL Ethnic men are realizing that they are losing their women to white men,I noticed this all of my adult life. Women of my culture out-marry so often that it’s downright surprising if I encounter a Colombian foid married to a Colombian guy.
332,85717,,Serious Trump winning is a small win for Incels,"I see posts about American prefering to vote for an old white man or something like that. 
The other option was an Indian/Jamaican half breed, which begs the question: name a successful, livable country that is predominantly curry or nigger"
333,111242,,"Truecel eats 30,000 big macs","I rememvmber the day wherw i spend 30€ on mc 4 big macs 1 royal ts and some chicken and cheeae burgers, meanwhile watching mgtow content from sandman was about relationshits or somethin one of the best cope moms of my life"
334,111247,,SuicideFuel I just hit the point of no return,"7 years till wizard 23 still virgin , cunts aint an achievement tho maybe i give in paying for a hooker.."
335,123996,,LifeFuel My shorts are getting very hard and crunchy,fuark i cum on my shorts too
336,75508,,Gymcelling wont work,"Of course it won't work.
Who'd be incel if you could avoid it by investing 4 hours a week into a non-social hobby?"
337,19509,,What should be done to females,"Lol, it's from deuteronomy 22:21. The Bible contains much wisdom."
338,72947,,seeing balding men depresses me,"Nothing can really done about it other than getting an hair transplant, I just shave it off"
339,19503,,Should I try to find a wife in my church community?,What if she could prove her virginity?
340,103958,,"I realized why they urge ugly people to ""be confident"" and ""getting out of comfort zone"".","this bitch , i had just witnessed in a kebab store , propalby thought about gojo fucking her lol 

as if im 190 cm with a perfect jawline

JFL"
341,131659,,"""Lookism"", the Blackpilled Korean Manga",I respect Koreans verh high out of Asians. Koreans pulls ER while other Asians are too pussy to pull an ER. Did I mention Koreans often have tons of kills while doing so.
342,60497,,Best way to ascend: Date a black girl,"they don't match with me because I am 5'3 with a 2"" penis"
343,77028,,Why should there be a child benefit and not a celibacy allowance?,"There shouldn't be. But the government doesn't want ugly men using the betabux loophole to reproduce, so they're pushing for the welfare state to make sure little Chadlets get to be born and grow up no matter what."
344,127419,,Experiment Does those (literal) taiwan faggots mog you?,the sixpacked ricecels mog my pathetic belly to oblivion
345,43057,,Current Society Feels Like a Parallel Universe,"Yeah, I do feel that way, but tbh the breaking point for me (and other oldcels) was 2000-2001.

You're probably too young but back then the atmosphere was very different, there was an insane amount of optimism and hope for the future, while all around there was still a lot of inherited stability and structure from what the earlier generations had laid down, as it hadn't been torn down yet. Everyone was in awe of the rise of personal computers and the internet and couldn't wait to see where it all lead, but everyone knew it was going to be something big...

But something bad happened and we took the wrong path at that crossroads, we started following all of our worst impulses and going further and further into the darkness. The iconoclasts got as much power as they possibly could to reshape society and we got as much agency as we could want, but we only ever used it to unleash ancient evils and debauchery."
346,115695,,JFL There's a company called incel Tourism,JFL
347,112939,,RageFuel Can't thinking about the dickpill,"I can't stop thinking the dickpill. Mine is of average size, slightly longer than my Samsung phone, but it actually looks short that I think about it. I kept rotating my phone to see how it looks in reality, and it just looks sort of short. To add to insult, I thought my phone was .1 inch bigger than it is (a 45deg measure of the phone screen).

My phone model (non bone pressed is slightly shorter than phone)




It does not help that my horizontal shape makes it look shorter than it is.

As well as being a fatcel (I'm working on it)

I just need one more inch and I'll be good for life."
348,111254,,RageFuel Accepting truth HOLY TRINITY LMS IS ALL or Cope,German short ger
349,124039,,truecel trait: you dont feel afraid or sad when a school shooting happens,"I'm happy. It meant another incel brother has martyred, instead of dying silently in rope"
350,68694,,Serious Is There a Way to Fight Back Against Virgin Shaming?,"Brilliant post man! It would be a great story if it indeed played out that way. What makes me cringe is that often, the tactic of bully repentance is ""born-again"" Christian moralfaggotry. Same shit different style."
351,19510,,any other gingercels here?,"At least you're white, so volcel."
352,139824,,Status MOGS Height,Status suks! U get crowded and clawed at. Normies ask for special favors that r unrealistic. Others get jealous with envy spreading false rumors. Any flaw is magnified10x and gold diggers stalk you even tho ur not rich. It doesn’t always end well..
353,13072,,LifeFuel St. Bagelcel (pbuh) abandons gold digging whore,"Oh St. Bagelcel, blessed are you among manlets."
354,111263,,Do you have any mental issues?,"Propably slight depression and autism

What isnt considerent normal isnt tolerated

So i enjoy cope"
355,36769,,Theory I don’t have the life experience for escorts,"i refuse to feel inadequate when it comes to escorts, like, come on.

my boss stormed into our office once and started talking with some older guy in there about escorts because there was a news item about escorts or some shit, and they talked about 27 year old virgins and how escorts don't want to ""waste time with them""

putting aside these faggots were doing this in an office with virgins even older than that, i thought that was such a gay and tryhard conversation, like being liked by escorts matters and validates you and you can use a Goddamn escort to filter a man's character. fuck that mentality."
356,111259,,RageFuel Accepting truth HOLY TRINITY LMS IS ALL or Cope,Emotionless*
357,78849,,List all your flaws,"orc-like underbite (unfixable according to my shrugging orthodontist)
droopy sad eyes with bags under them no matter how long I sleep
nonexistent cheekbones
hairy ears (and it's impossible to pluck them every day, I just get ear-stubble)
asymmetric, bulbous  ""aquiline"" nose
lisp (unfixable)
hairy back, hairy neck, basically all hair from by butt to the top of my head
still get the occasional zit, just enough for people to stare but no enough for treatment

And that's just my head."
358,76871,,SuicideFuel the only time females talked to me on dating apps...,Why are you here if you can get matches on Tinder?
359,116045,,SuicideFuel Got Bullied Yesterday by a Chad and Stacy in Public,"Honestly, fuck chads and stacies, but this is just stupid. This is how you get shit like diseases, and worse, prions."
360,7024,,JFL Why do the foid on /r/FesikhDatingStrategy think they're so special?,Whores smell like fesikhs.
361,975,,Serious Is it true that Blackops2cel roped?,"But then rose again after 3 days, why are normies denying the truth of his resurrection?"
362,139964,,Why does this guy still look bad with a lean face and hollow cheeks?,Chad tryhard fail. Trim the wig.
363,131796,,Whose worse? Females or beta cucks?,"Women are bad, I dislike them and their hyped mind bees but beta cucks are the worst, I ABSOLUTELY hate them. Fuck beta white knights, they're the lowest of the lowest - even lower than incels."
364,37639,,"Toxic Femininity Jailbait, 14, gives birth and then puts baby in freezer to die","yeah, if it takes you that long to find a story. maybe you really are a monkey."
365,68693,,Serious Is There a Way to Fight Back Against Virgin Shaming?,"I think the worst part about being a virgin is the coddling aspect of it. They feel as though you are some kind of fragile child, and that THEY would be the pedophile for associating with you. And it's all because wizard virginity is just not normal.

Normies are scary people. They would literally commit genocide to hold onto their normalcy. And I even see aspects of normaldom seeping among toxic incels, insofar that they lump themselves as an ""normal"" outcast and feel that going ER is the most ""normal"" thing in the world, and subsequently commit a mediocre  and unoriginal shooting. The banality of evil.

 in it, it describes common personality types COs see in prison. It's quite telling, that the most dangerous among these is the ""sheep"" type, because they would do ANYTHING to feel like they belong in a group."
366,28833,,Post your country thread,"United States, Texas."
367,74591,,JFL lol @ this incel-faced murderer.,"He did a good job,one less succubus"
368,76002,,Venting my parents failed me,"The sex drive is the root of both, otherwise you'd be chasing love and validation from just about anybody and not just foids."
369,139962,,can jews be chads?,"Ashkenaz origin  in sandbox Israel...

[attachment=2421]"
370,135260,,Serious War is coming and killing us is the objective,ER docs worry over extreme heat as mass casualty event.
371,77030,,Even mgtow is getting attacked now,Can confirm. My mom is 55 and still gets messages from thirsty guys on Normiebook.
372,47315,,Neotenous females vs Chiseled stacies,"Just make a bunch of kids with a simple cute woman if you ever actually have the chance, it's a better chance of passing along something like your intelligence than having 0-1 kids with the perfect psychological match."
373,92632,,Guess whos back,Welcome back bruh
374,111262,,It's Over Why am i here?,"Rope or cope, yea why bother that much, life is preset you either got it or you dont, hard work is just cope if you have wealthy family you have easier acces to superior food gym and can looks max if you rich you dont need to earn respect if your poor your trash

Go monk and die one"
375,20389,,SuicideFuel My dad's wisdom on 30yocels (wizards DO NOT ENTER),"""Your friends all have relationships"" is cope though, unless said friends are Chad. Literally every one of my male friends who I grew up around is still a virgin, and I've never seen them with girlfriends."
376,86516,,IT asks: do incels realize repealing Roe v Wade is bad for them too? My answer: it can't get worse,"If anything, the Roe v Wade decision brought out a lot of foids' innermost beliefs
In liberal societies, foids basically regress to their primeval hunter-gatherer mate selection: fucking the strongest (or the apparently strongest) male"
377,28819,,Middle/Early high school was the easiest time to get a girlfriend if you weren't ugly,"I'd say the opposite.

Girls are so goddamn entitled in middle/high school, or at least in mine. If you're not a 7/10+, scrawny, tanned twink in my school who wears Supreme and BAPE then it's over.

I've been called ugly by over FIFTY high school girls. FIFTY."
378,54662,,RageFuel The real problem with liberals,I WANT PUSSY RIGHT NOW. RIGHT NOW SEND ME PUSSY ON DOORDASH
379,40678,,Blackpill The Sexy Son Hypothesis,"yes, attractiveness and pre-selection and mate poaching
this is why women so often ""hate"" the guy that they're allowing to fuck them raw"
380,83660,,LifeFuel Why divorce rape is good,"What makes any of them ""beta""?"
381,139966,,Whats your current LDAR setup?,"[font=Helvetica, Arial, sans-serif]Age: 50[/font]
[font=Helvetica, Arial, sans-serif]Living area: Own house[/font]
[font=Helvetica, Arial, sans-serif]Food: gastronome[/font]
[font=Helvetica, Arial, sans-serif]Time spent LDARing: retired rotter for 4.7 years.[/font]
[font=Helvetica, Arial, sans-serif]Future plans: find foreign gf.[/font]"
382,82851,,LifeFuel Degenerate porn hole crying because she caught HIV.,", HIV transmission risk from unprotected vaginal sex is 8 in 10000 for women and 4 in 10000 for men. So yeah, it's pretty much a gay men's disease that will occasionally spread to a foid when Chad is so bored of normal sex with her he decides to stick it up her ass."
383,74585,,I feel like I dislike women as a whole gender than individual women.,99.99% of women I hate
384,86280,,Serious Why don’t you NEET?,"I can't. I'm a man that lives in burgerland and in a red state to boot.....if I don't work, I literally starve. I can cheat the system, but if I do that, I would have brutally violent niggers as neighbors, and I don't wish to repeat those horrible first 20-something years of my life"
385,714,,Serious Did you know that 80% of men have bad personalities,You know him irl?
386,55137,,I'm mentally stuck in the past.  This is the fate of all oldcels.,"FUCK. The problem with the current internet age is that it's completely curated by JEWS.

Gen Z will NEVER know what it's like to run across a Geocities website run by an anime fan with pure intentions. AIM, Myspace really felt local. But now everything is GLOBAL and ATOMIZED. Everything is JEWIFIED with polish into some clout or monetization scheme with strict rules to not be offensive to woke Jewish women."
387,20452,,if they ban this forum... whats going to happen?,"A different host, of course.

Let's just hope the the admins have hard code written down as a backup."
388,77940,,"So, how are you coping after The Purge?","Please, my life has been a carnival of misery for 30 years (okay maybe 25) so what's one more shitty thing that happened?"
389,74570,,"RageFuel Stupid sluts at my gym, there needs to be an all male gym only",Do a George sodini
390,74565,,I want to beat a woman,I once punched a slut for rejecting me in a nightclub
391,88870,,SuicideFuel What is the worst type of ethnicity for inceldom?,"As a Colombian, I'm surprised nobody said Mestizos yet - I say we're at the low end, a little better than Southeast Asians, but not by much. 
Indians and Northeast Asians have the reputation of being ambitious and studious, at least. 
Blacks have the reputation of being well-endowed, athletic and smooth talking. 
And of course, JBW. 
Us? South and Central American men are perceived as being stupid, short, dark and poor (this does not apply to European-descended Argentinians, they tend to do well).

A fair number of Colombians where I live, and they love white guys, I'd say ~80% of Colombian foids I know are dating and/or married to white Chads; Colombians are textbook JBW territory. If a single Colombian foid migrates it can be damn near guaranteed that she will settle down with someone outside of her nationality. They justify their mate choices by saying their men are brutes, but in reality, most Colombian guys are total cucks (check out the World Values Survey and the Colombian answers regarding gender roles, if you don't believe me)."
392,74599,,Elliot Rodger Vs Nikolas Cruz,"George sodini also,he rarely gets mentioned"
393,39937,,LifeFuel Merry Christmas Eve,"almost able to start coping at home, thanks for reminding"
394,110227,,It's Over Bigcitycels have no chance.,"23k population here, im marked propably but who cares no one to.impress or owe shit anyways"
395,46302,,It's Over Im too shy to have sex with a girl,"that's ridiculous

your main problem will be getting it up for a pig in the first place"
396,122919,,RageFuel Bugmen cop fighting ricecel over mask in 2023,"I noticed this too. The oldfags are both sides of extreme. Either pro mask to the side of paranoidness and kareny, or don't care."
397,125593,,"Guard asked if I am a ""Man"" because I didn't helped a roastie","Long time r/incels lurker and recent poster.

So coming home to my shitty apartment, being relatively cold here (most people in my country can't sustain a little cold). The woman with bags, probably going home to her betabux husband, opened the door instead of me; naturally those who were first at the door opens first. I went to the building and the security guard told me ""Are you a man? Why don't you help open the door? You're on your phone playing game all day"" (translated from my language). 

Naturally, being autismcel myself I just gave him a smile and left to my elevator.

I'm being bullied even on my way back home by someone whose I face everyday, this is fucking ridiculous why should I as a incel help some roastie slut that has been fucked by chads? Fuck you weak roasties fuck you society fuck you security guard."
398,88884,,Is this real life?..... Tattoo Degeneracy,"I love how in Japan having a tattoo is still associated with criminality (and I hope it stays that way). I smile ear to ear when I read about some poor, discriminated gaijin that was denied entrance to an establishment because of ""muh tattoos!"""
399,42856,,LifeFuel I will approach 1000 girls and find a GF,"This thread is an inspiration and it's helping me break out of my shell too, I think you should keep it up, but also change a few things:
1. Do something offbeat but natural that you can talk about, like have lunch in a weird place or in a very crowded spot where you had to sit down at a strangers table and talk to them a little
2. Get better sleep than usual

I've been doing that and feeling less inhibition and like I can talk to girls better."
400,118331,,Blackpill [SCIENCE] I have cracked the password behind the noodle traitor problem,"Yes. That's why many asian countries does not have anything ethnonationalistic, or at least didn't take off (there are exceptions though).

However, there are still GG carriers in these countries, which, I assume, are more loyal to their people"
401,83747,,SuicideFuel i dont think anymore that SEA is the solution.,"that may be true (or not), but the point is you're not a part of the masculine club if you're an incel. in fact those testosterone worshipers hate us more than they hate effeminate men. jfl incels worshiping at the same altar."
402,30067,,do you guys like goatis ?,"it's funny when he talks about people being slaves, but he pushes every single point that he makes all the way into absurdity and it's tiring"
403,134042,,Punishment,"High Watchtower




Hara was thought to be situated at the center of the seven climes that formed the world. It is the source of all waters and from its peak would flow into the world ocean. Night and day were caused by the mountain blocking the sun during the daily cycle. Its peak was supposed to be a place of primordial purity, unaffected by darkness, diseases or pollution. It was also the place from where the dead could pass the .

Due to its centrality in the cosmic world order, Mount Hara has been compared to Mount Meru found in the closely-related Old Indic texts."
404,87391,,"Normie trait: Not understanding the meaning of ""average""","Tell them that women only date men of a certain height, and they'll say:


Tell them that IQ is genetic and that certain races have lower IQ's than whites and East Asians, and that STEM is dominated by Asians and white males for a reason:


Tell them that women are hypergamous:



It's a lost cause trying to explain averages to normies. They don't understand averages because they think like foids, and foids generally have a shitty understanding of math. Also, normies  believe in the Just World Hypothesis, and refuse to believe that in the end, we're just numbers, and the vast majority of us will fall into demographic destiny. Incels, after years of being disrespected, mocked, ridiculed, and rejected, are forced to see the world the way it really is"
405,79252,,Anyone here has stretch marks on their body?,I got stretch marks from lifting that are still visible after 15 years because I was growing fast as fuck. No one ever commented on them because no one cares.
406,135543,,Discussion Where do you find disabled women?,I’ll never have some things in burgerland.
407,4869,,"Serious We should be shaming females for their stinky roast roast beef flaps, maybe then they will lower their standards",What can I do?
408,68682,,Serious What would you do if they shut down this site?,I'm presenting you with a hypothetical situation. What if they just decided to censor all forms of inceldom?
409,74571,,Serious Do good women exist,Nuns
410,71063,,"Serious bluepillers, is there gonna be an incel uprising?",No uprising it should be an insurgency
411,9385,,JFL Baldcel copes,"My hairline has begun to recede, I just accept it by realizing that I'm 0/10 with hair and will be 0/10 without hair."
412,131792,,Imagine a Society Where Whores/Adulteresses are Shamed and Imprisoned,Going to go back to 100 years ago for my country. Arranged marriages ftw.
413,80726,,Based Blue pilled therapist doesn’t want to take the black pill,"Jfl trying to blackpill a therapist. It's her job to do the opposite to you and she's probably smarter and more experienced.


This. Tell her you want to give her a pearl necklace."
414,52038,,Brutal How to know if you are a sub 5 male,"Havent even finished the video, but that ONE WORD ANSWER pill is fucking brutal"
415,131784,,Today I just had the biggest confirmation that I'm an incel,"I have a fake instagram account for fappings and i can relate to you. It's fucking over everyone but the autistics has a great life ahead, girlfriend, some roasties under the age of 20 even have kids now. Fuck them all."
416,111248,,Opinion of your own looks,"Height below 5'8 im 5'7 or 174cm
Got wheight over the years
Got black gene but the latina one, my fckn sister got the dark one FOR WHAT I  NEEDED IT NOT HER..
Got the D But aint shit without looks
Bad genes
Brown eyes
...

Not quite subhuman but seemingly near to it"
417,103064,,Serious Saying normies get laid is like denying the blackpill and hypergamy,"normies are betabuxing doormats 

that put up with shit .

thats what society wants them to do , and thats what they got indoctrinated with ."
418,72781,,"RageFuel Out of every type of girl I hate, I absolutely ABHOR college whores.","I find most women the same,virgin ones and dead ones are the good ones"
419,15588,,Serious Situation in Greece. I always hear it's gigafucked. Elab.,Why?
420,114822,,Serious To Ukraincels - Traitor foids should be killed as a military strategy,"A  is a  of destroying everything that allows an enemy military force to be able to fight a war, including the deprivation and destruction of water, food, humans, animals, plants and any kind of  and . 

Not only is killing traitor foids a valid military strategy, but also denies the enemy an advantage."
421,74595,,Serious Easiest way to kill yourself?,By not drinking water for 3 days
422,86866,,I saw a cringey video about a Mormon incel in denial,"Skippy was raised Mormon; if he couldn't find a Mormon foid, it's over

Serious question though -- why do you hate Mormons? They seem kind of based, from what little I know"
423,18607,,Would you beat women if it was socially acceptable?,"If society allowed you to hit women for disobeying you, would you?"
424,131795,,The is seriously the least racist group online.,"Agreed. To us Asian males, we are utterly FUCKED in the dating department with the WMAF going on, and I say that as someone from ASIA!! 

Liberals, right wingers all hate us, with our Asian counterpart and feminists throwing us under the bus. 

Being a Asian Male is Incel on steroids, we can compensate by being 6'2+, rich, 8/10+ facial, but we wouldn't been here if we have these."
425,71414,,Blackpill Society in 10 years.,Must now form an insurgent group before that happens
426,90290,,[NSFW] My first time with an escort,"congrats . Hope this made you feel at Ease or Relieved """
427,138658,,LifeFuel The Coronovirus is based,This is ‘our time’ you rotten hoe!
428,111243,,RageFuel Women Are The Enemy,They will never get it
429,27418,,JFL Fakecels aren't getting more common,I mean I would consider anyone who is sub-8 nowadays an incel. I've seen 7s on here but not any 8s. We all need to understand that women's expectations are rising steadily year after year.
430,112377,,News More than 100 women raped and burned alive in Goma Prison jailbreak in the Congo,least violent nigger
431,85379,,[NEWS] Banning of /Incels Makes it to The Website of The New York Times,"When they posted pics of threads from r/incels, the titles were pretty tame.

The inflammatory titles came from a screenshot of r/inceltears.

Doesn't matter though. It's all publicity, and due to runaway hypergamy there will be more incels every day."
432,20573,,Fucking Little Virgin Incels Get a Life,"Lol, what a very frail and a general normie-esque attempt to troll."
433,69160,,Opinion about Nofap?,"I'm in favour of it, in the end of the day it's nothing really"
434,110367,,It's Over There's not a single woman alive in the west who thinks she does not deserve chad,cope
435,19513,,Anal must be the ONLY option for females,They want to be dominated by Chad though.
436,37759,,JFL Holy shit,just one shower and haircut away...
437,47310,,Venting Parents,"They had good genes and fucked me up mentally/resource-wise. (you will have nothing to do with girls whatsoever until you leave home if you are sub-chad and your parents don't put down some money or help you/let you host events at your home)

I also have to get along with them now if I want any chance to be normal."
438,26968,,"Experiment [Poll] You have three options, which one do you pick...?",Easy as fuck.
439,83323,,RageFuel Nothing worse than a cuck bragging about his gf,You're a coping volcel. You can't be truly blackpilled if you believe someone who has a girlfriend and is having sex for free is in any way worse off than us.
440,21809,,Discussion Blackpilled to bluepilled incel ratio?,"5/95, 5% being the blackpilled incels, 95% being the bluepilled incels."
441,72636,,Experiment Would you be reborn as Chadlite or Stacy?,10/10 Stacy so then I can become a £1000 a day escort
442,20754,,Post your favorite waifus,Karen from Kiniro Mosaic is my favorite.
443,88878,,Eye contact poll,I’m interested in how guys here experience eye contact (if any)
444,19706,,It's Over What do you do if your friend becomes a tranny?,"This happened dozens of times, especially back when I used to run a semi-popular Instagram meme page. A lot of the people who I knew from that community either trooned out, and/or became insufferable progressive-types. Out of the 50+ I knew back then, I only talk to 3 or 4 of those people regularly today.

Tbh I've met very few decent troons. Maybe 1 out of 10,000 are likeable after their troonsition. Their entire behavior and everything they do and like changes, but at the end of the day, it's a big psyop."
445,68691,,Serious Is There a Way to Fight Back Against Virgin Shaming?,"I dunno man, I'm sure they would feel shame if they made a grown defenseless man cry. Have you tried just crying? When they start making fun of you for crying, then fling their own shit at them and make fun of them for reinforcing toxic masculinity. That's the fucked up thing about bitches. they'll bitch about ""toxic masculinity"" yet are completely aroused by it."
446,98529,,What a fucking clown,"Imagine getting punished for Something Out of your controll ( height / genetics )

Clownworld"
447,87008,,"News Negroid male tries to rape a woman in front of her boyfriend, runs him over with his car","For reasons I can't explain, the media is forcing this propaganda that Blacks are peaceful Hobbits that get unfairly targeted and picked on, when in reality, Blacks are our world's fucking Orcs"
448,25667,,Blackpill You have to Diapermax in Toronto because the empowered skanks only have sex with babies,"Amazing how Canada just lets women off like this, JFL. I can probably get 8 years of prison for staring at a JB's tits in the same country."
449,18678,,JFL Minimum leg development needed to date in 2018,Muscles are useless for attracting foids.
450,61158,,[Whitepill] What keeps you from being better for your own sake?,people are gonna make fun of me for trying
451,19507,,Who/What do you blame for your inceldom?,Besides the Jews.
452,88877,,Experiences mostly dictates idealogy,"Excellent, excellent observation.

You wrote “men are expected to be meek and submissive” and this prompted a question for anyone reading here.....do people generally assume incels are “sweet, meek, harmless”?"
453,139941,,How do you deal with depression?,"LDAR

[attachment=2464]"
454,74592,,Why do so many Chads go for average looking girls,"So many below average and ugly women in this world with big tits and big asses,lots of chads don't,t care about face"
455,139713,,Jews created the incel epidemic and are responsible for my subhumanes,[attachment=2420]
456,47145,,SuicideFuel Another thing that sucks about getting old...,"I've turned 30 and don't feel any huge differences yet, obviously some things are different like my back gets stiff a lot more easily and my nearsightedness is worse, but if you take care of yourself you can feel almost the same as far as vigor.
Dopamine hits can still be very high, it's just that now they are always followed by awful long-lasting crashes because deep down I know whatever stupid bullshit I entertained myself with is a joke compared to the bonding and companionship and security I should be having by now, you should literally be watching your baby's first steps by now.

Fasting, supplements, avoiding smoking, dieting etc can slow down your aging and balding and give you more time to have a chance to ascend.

It's still fucking useless if this shitty ass world doesn't give you a chance to grab onto however."
457,101069,,LifeFuel what a wonderful day it was,"i wasnt outside today , and the day before and the day before that day .

kek .

i did stockpile on groceries early this week , now i can avoid nuisance ""."
458,20468,,this girl is stalking us right now,"HAHAHAHA 

THAT'S WHAT ALL OF THEM LOOK LIKE"
459,47260,,RageFuel Its been weeks i dont see my crush n°2,"Yeah, and they only switch when they have a new boyfriend lined up in their friends group, they spend 0 time waiting for you to come up to them in coffee shops or paths in the park, either you become NT and get friends or you're fucked."
460,28318,,I REALLY FUCKIN NEED A HOME GYM,"To be honest I completely stopped going to my gym about a month ago, for the same reasons you said. I've been at it for 1.5 years but I really don't feel like publicly working out. 

Too bad home gyms are damn expensive unless you can somehow pirate a CD workout program and get all the equipment seperately too."
461,47295,,LifeFuel Inner fulfullment without women,"Ambition will break down unless you are a virtuoso or polymath, your projects will either reveal their banality as you work on them, lose steam as you get mentally fatigued or bore you with their simplicity if they are easy enough to work on, you need well over 130-135 IQ to do anything notable and interesting in a slightly reasonable timeframe before losing interest and the will to go on.
Talking from experience, attempts to do something notable without superhuman IQ will exhaust the hell out of you as you throw more resources at the problem to break through, leave you with nothing to show for it, and with no refuge to recharge your batteries from all the accumulated strain (no loving mommy foid's arms for you)"
462,47270,,Serious White girls are overrated,"I like girls that are like me the most, i.e about 95% white, with black and very, very slightly kinky/wiry/curly hair.
IDGAF about blondes and gingers and shit, like in that fable I want ""my axe"", not the silver or golden axe."
463,20431,,old pictures that were safed on my pc and didnt got purged,Are you implying that we're just negative out of the blue?
464,86003,,"Study: Yes, you are probably uglier than you think (foids, however, are more accurate regarding their attraction level)","When I was clueless and bluepilled, I thought I was a 6 to 7. The cruelty and bullying from foids in middle & high school and the times niggers straight out called me ugly to my face, I brushed it off as ""tHeY wErE jUsT kIdS"". Then I started online dating and uploaded my photo to HotOrNOt (yes I'm that old), and my ratings were about 3 to 4 --- basically half of how I rated myself. And this study confirms that most men are 2X less attractive than what they think."
465,6224,,Serious Females should be ashamed of their stinky roast beef flaps,That's why they always cover themselves in strong scents.
466,79809,,Tinder in SEA is at least half trannies,"Trannies, prostitutes and trannie-prostitutes. And those who are not either just want a ticket out of their shitty country. 

There is no woman on this planet who is attracted to ugly guys."
467,111253,,RageFuel Accepting truth HOLY TRINITY LMS IS ALL or Cope,Im ger
468,135001,,Serious Incels with some money who are looking to moneymaxx should get in touch with me for a business deal.,Not enough juice.
469,139961,,You are incel because you are goyim,"Those are low status Jews, more like street sh*ters.
This one is a slayer...

[attachment=2454]"
470,85375,,Reminder: there's more incels than gays,"Even if they don't call themselves incel, the bottom 5% of men are incel and that's more than there are gay guys.

Numbers are not our problem, it's the lack of coordination. We could change outcomes of elections. Come to think of it, we already might have."
471,80840,,Humiliating momens as an incel.,"Be gymcelling for 5 years.

Walking along the riverfront, hear two girls behind me on bikes saying something to the effect of ""Check out the hunk""

They pass me, see my face, look at each other like ""Oh shit"" expression."
472,89064,,RageFuel SOME HATE / RAGE MOMENT I JUST HAD,Gerechtfertiger Hass . Hahaha !
473,68680,,"Serious What is the one thing that, in addiction to your inceldom/mentalceldom, if it were to happen to you, you know for a FACT that you'd rope. No hyperbole","If I'm ever falsely accused for a shameful crime, I don't think I'd be strong enough to deal with the consequences."
474,125594,,"Guard asked if I am a ""Man"" because I didn't helped a roastie",Probably because I'm a autism mutecel so they say this without fear of consequences.
475,74601,,How do you release your anger?,By drinking a case of beer
476,92385,,RageFuel Retarded reddit post about Inkwells,"Have fun self iiimmmppprrrooovvviiinnnggg as a 5 2 bound to a Wheelchair while living in 3. World Conditions . 

Btw take a Shower , just in case ."
477,88875,,Too nice?,Took me a while to learn that but I was blue pill for too long.
478,68021,,JFL This subhuman looking foid on tinder still gets matches,"I think she's kinda of pretty, and although there's no body pics, she's probably not fat. Would date and betabuxx, but she would probably swipe left on me, that bitch."
479,111261,,SuicideFuel Official weekend rotting thread ( Fakecels stay out !!! ),Ah intresting
480,74603,,Anyone have no drive for anything?,"I can,t get my head around to do anything,I stay up all night and sleep all day rotting in my own fifth"
481,73335,,Chad vs brad,Brad is just an average looking guy but can still get regular sex now and then
482,126139,,JFL TikTok Coronavirus challenge,You hope she gets coronavirus (on plague inc)
483,72344,,Experiment Will Autism Be Reversible in the Future,"What is autism, is it similar to borderline personality disorder"
484,96603,,RageFuel I bet my female friend wants to have sex with my father,"Cucked by your own Father , Imagine ."
485,136302,,I got a case of the Mondays,Stock Market crash again for seventh straight week.
486,84990,,Serious Can teens call themselves incel?,No. Teenagers OUT
487,88879,,Eye contact poll,I’m actually doing an experiment on this...I’ll follow up soon
488,13470,,SuicideFuel USA Powerlifting bans all trans women from competing as women,"But ""trans women"" are men."
489,3936,,Serious TIL King Tut was an incel,I hear he roped because his oneitis rejected him
490,48200,,Discussion Do you cope by buying random shit off the internet?,"I love buying random shit, especially computer parts"
491,38806,,Serious I legit believe I may be the ugliest person here.,"you could probably do something with that height, but let me guess, women still avoid you like the plague"
492,11079,,Experiment Can you watch this whole video without wanting to rope?,"That one was bad, there's also a noodle with a white guy."
493,139965,,Why does this guy still look bad with a lean face and hollow cheeks?,Chad tryhard fail
494,94110,,Theory The true reason why there are some many famous male celebrities that are getting caught with minors.,"Tbh , Western society is hyper gynocentric and Woman have imploded Egos in their mid 20ths . / higher Risk of Cheating or being more Deceptive .

Really cant blaue those Guys einher,  you gotta use every Advantage your Given in this Shit """
495,74602,,"There's No Reason to Want a ""Girlfriend""",I just want the touch of a woman
496,84627,,Blackpill jUsT LiFt bRo,I'm kinda curious but it's just too sad for me to investigate. I guess you can do a Google search by thread titles.
497,91869,,Wanting sex is social conditioning.,Sex is a biological Subconscious Urge .
498,136645,,Discussion Why do we assume that the global elites are jewish?,(((Freud)))
499,23491,,Serious Black Pilled Or Not (Poll) - Its Time To Be Honest With Yourself,"My sister/mom/female family members are mostly in household positions and are traditional at mind, so they wouldn't mind it in the first place, and they definitely wouldn't kill themselves from the patriarchy being re-established, lmao."
