,index,code,title,message,user_id,active_months,thread_id,latest_activity,user_name,user_title,rank,n_stars,date,n_posts,time_online,datetime,n_post,quote_host,quote_url,quoted_user,qu_id,year_month,dt,joined,tenure_days,user_seq,user_frac,stratum
0,42858,,LifeFuel I will approach 1000 girls and find a GF,"The only way it would happen is if one of them makes up a story to tell the cops, which is possible but not that likely.",6268,96,46003,2019-07-21T14:46:12+00:00,turbocuckcel_7000,‎ ‎ ‎ ‎Yoshika Says: T⭕TAL TR⭕⭕N DE⭕TH,overlord,5.0,"May 2, 2018",35894.0,"time
3d 11h",2018-06-10 20:52:04+00:00,248,[],[],[],[],2018-06,2018-06-10 20:52:04+00:00,2018-05-02 00:00:00+00:00,39,4,0.00025506950644050506,onboarding
1,35393,,Discussion My entire reason of being an incel is on the basis of personal anecdotes. I don't give a single shit about what any study says.,"yes i remember the atmosphere in middle school (grades 6-8), high school and college

it was always terrible, and almost like Tinder already existed, all the girls were aggressive and nasty and chad-only, as early as 2002

they were also very much against ""awkward guys"" who were likely to approach girls naively to ask them out for a date, which is no big surprise since the girls were all chad-only, approaches were",6268,96,352984,2022-03-09T14:34:42+00:00,turbocuckcel_7000,‎ ‎ ‎ ‎Yoshika Says: T⭕TAL TR⭕⭕N DE⭕TH,overlord,5.0,"May 2, 2018",35892.0,"time
3d 9h",2022-02-08 19:37:38+00:00,2,[],[],[],[],2022-02,2022-02-08 19:37:38+00:00,2018-05-02 00:00:00+00:00,1378,10707,0.6827573013646219,later
2,20382,,would you date or marry a woman if her dad was in the mafia?,This.,40,100,544994,2024-01-17T09:03:40+00:00,ordinaryotaku,Feminists = cultural traitors deserving execution.,VIPCOSMIC,5.0,"Nov 7, 2017",16395.0,"time
10h 36m",2023-12-18 09:58:28+00:00,30,[],[],['supersoldier'],[57034],2023-12,2023-12-18 09:58:28+00:00,2017-11-07 00:00:00+00:00,2232,7785,0.9146986253084244,later
3,85378,,"Can we please stop with ""i look like ___"" without picture threads",I'm sure there are infiltrators who'll be able to see everything. There's no reason to post your pics.,95,91,1143,2017-11-11T02:55:03+00:00,Angry_runt,Cursed OGcel,VIPCOSMIC,5.0,"Nov 7, 2017",12635.0,"time
2h 1m",2017-11-11 02:45:20+00:00,9,[],[],['JovanD'],[None],2017-11,2017-11-11 02:45:20+00:00,2017-11-07 00:00:00+00:00,4,17,0.0017131915751284893,onboarding
4,87864,,Blackpill What blackpill is the most BRUTAL?,"Heightpill. Because it's something that can't be controlled, yet women treat guys under 5'10"" as if they were drug-addicted pedophiles with AIDS.",12726,88,191861,2020-04-04T21:09:30+00:00,andinocel,Overlord,overlord,5.0,"Aug 18, 2018",5661.0,"time
1h 27m",2020-04-04 01:29:04+00:00,31,[],[],[],[],2020-04,2020-04-04 01:29:04+00:00,2018-08-18 00:00:00+00:00,595,1052,0.306437518205651,later
5,87106,,Guys underestimate the number of lesbians in the world,"I know two lesbians - one switched, married, settled down, and now has a kid. The other one hooked up with a guy at least once (that I know of), but she still follows the lesbian lifestyle and lives with a woman. In both completely independent incidences, both guys were gigachads
An interesting thing I notice is that lesbians are either very hot or very ugly -- the former can't meet men that meet their looksmatch standards, the latter refuse to pair up with their looksmatch and would rather go for pussy",12726,88,294496,2021-05-09T02:04:21+00:00,andinocel,Overlord,overlord,5.0,"Aug 18, 2018",5661.0,"time
1h 27m",2021-05-09 00:50:33+00:00,9,[],[],['Broly'],[34171],2021-05,2021-05-09 00:50:33+00:00,2018-08-18 00:00:00+00:00,995,1830,0.5330614622778911,later
6,47311,,Experiment Mentalcel VS. Uglycel,"Mostly mentalcel, it feels like nobody needs or wants another single male in their friends group or in their lives, anywhere.",6268,96,51199,2018-06-12T12:58:13+00:00,turbocuckcel_7000,‎ ‎ ‎ ‎Yoshika Says: T⭕TAL TR⭕⭕N DE⭕TH,overlord,5.0,"May 2, 2018",35896.0,"time
3d 11h",2018-06-12 12:58:13+00:00,32,[],[],[],[],2018-06,2018-06-12 12:58:13+00:00,2018-05-02 00:00:00+00:00,41,10,0.0006376737661012626,onboarding
7,25270,,NSFW BBC lie is exposed,I've always known that this type of shit was fake even though I never really watch porn.,40,100,124129,2019-06-01T06:32:40+00:00,ordinaryotaku,Feminists = cultural traitors deserving execution.,VIPCOSMIC,5.0,"Nov 7, 2017",16402.0,"time
11h 2m",2019-06-01 06:28:09+00:00,36,[],[],[],[],2019-06,2019-06-01 06:28:09+00:00,2017-11-07 00:00:00+00:00,571,3411,0.4007754670426507,later
8,132170,,It's Over Future of Irancels getting cucked in their own country,True,3859,85,851367,2026-03-11T07:12:37+00:00,RandomGuy,Paragon,VIPCOSMIC,5.0,"Feb 20, 2018",18531.0,"time
1d 10h",2026-03-11 01:35:01+00:00,6,[],[],['BRZionist'],[90294],2026-03,2026-03-11 01:35:01+00:00,2018-02-20 00:00:00+00:00,2941,3798,0.9708588957055214,later
9,78342,,Women would be TERRIBLE game designers.,There are a few okay ones.,95,91,271321,2021-01-29T08:39:09+00:00,Angry_runt,Cursed OGcel,VIPCOSMIC,5.0,"Nov 7, 2017",12635.0,"time
2h 1m",2021-01-13 21:08:13+00:00,2,[],[],[],[],2021-01,2021-01-13 21:08:13+00:00,2017-11-07 00:00:00+00:00,1163,6675,0.672679633175451,later
10,46077,,Serious How many of you would actually be decent members of society if you could get laid?,fuck knows,6268,96,83255,2018-10-18T23:41:09+00:00,turbocuckcel_7000,‎ ‎ ‎ ‎Yoshika Says: T⭕TAL TR⭕⭕N DE⭕TH,overlord,5.0,"May 2, 2018",35894.0,"time
3d 11h",2018-10-18 19:40:15+00:00,41,[],[],[],[],2018-10,2018-10-18 19:40:15+00:00,2018-05-02 00:00:00+00:00,169,1212,0.07728606045147303,later
11,131785,,Incel to Chad -> Chad to Incel morphs,I fucking love the blackopscel fallout icon.,1769,85,3810,2017-11-24T14:58:05+00:00,AsiaCel,shalom goyim,VIPCOSMIC,5.0,"Nov 24, 2017",30115.0,"time
15h 15m",2017-11-24 10:52:50+00:00,2,[],[],[],[],2017-11,2017-11-24 10:52:50+00:00,2017-11-24 00:00:00+00:00,0,18,0.0009432973482863432,onboarding
12,19504,,Should I try to find a wife in my church community?,"There's a mosque next to my house, maybe I should make the switch.",1350,102,2702,2017-11-18T21:56:22+00:00,tehgymcel420,From Zabbaleen Egypt,VIPCOSMIC,5.0,"Nov 10, 2017",25555.0,"time
3h 45m",2017-11-18 21:33:49+00:00,16,[],[],['Dingus_Incel'],[None],2017-11,2017-11-18 21:33:49+00:00,2017-11-10 00:00:00+00:00,8,19,0.0010843511014724347,onboarding
13,77510,,Incel arithmetic,"ugly + confident = creepy

ugly + muscular = compensating

short + confident = Napoleon complex

ugly + loyal = friendzoned

ugly + rich = betabux

ugly + smart = dork

ugly + funny = clown

ugly + confident + muscular + loyal + rich + smart + funny = unloved forever


there is no hope",95,91,1146,2021-08-15T21:49:57+00:00,Angry_runt,Cursed OGcel,VIPCOSMIC,5.0,"Nov 7, 2017",12635.0,"time
2h 1m",2017-11-11 02:40:43+00:00,1,[],[],[],[],2017-11,2017-11-11 02:40:43+00:00,2017-11-07 00:00:00+00:00,4,16,0.001612415600120931,onboarding
14,47314,,Has any woman ever accidentally sent nudes to you?,"i got a text once that just said:

""where the hell are you

-blondie""

(in my language blondie can be gendered and it was gendered female)",6268,96,51094,2018-06-11T08:23:31+00:00,turbocuckcel_7000,‎ ‎ ‎ ‎Yoshika Says: T⭕TAL TR⭕⭕N DE⭕TH,overlord,5.0,"May 2, 2018",35896.0,"time
3d 11h",2018-06-11 07:54:13+00:00,21,[],[],[],[],2018-06,2018-06-11 07:54:13+00:00,2018-05-02 00:00:00+00:00,40,5,0.0003188368830506313,onboarding
15,119166,,Based Be as edgy as you can to get media attention,"We're already monitored by the fbi, it's not too different to what right wing groups are experiencing currently",1769,85,556040,2023-12-23T05:05:19+00:00,AsiaCel,shalom goyim,VIPCOSMIC,5.0,"Nov 24, 2017",30105.0,"time
14h 6m",2023-12-23 01:37:30+00:00,15,[],[],['Fifita'],[57953],2023-12,2023-12-23 01:37:30+00:00,2017-11-24 00:00:00+00:00,2220,12215,0.6401320616287601,later
16,58882,,Does Elliot Page mog you?,YES YES YES,10247,94,355811,2022-02-21T19:00:20+00:00,SlayerSlayer,The Satoru Iwata of incels.is,admin,5.0,"Jul 10, 2018",25257.0,"time
11h 9m",2022-02-21 08:18:43+00:00,2,[],[],[],[],2022-02,2022-02-21 08:18:43+00:00,2018-07-10 00:00:00+00:00,1322,10045,0.49286099798832245,later
17,70820,,LifeFuel Most foids will burn in hell anyway,"No in the eyes of God abortion is the same as murder, just because they won't spend time in jail on earth doesn't mean that they won't suffer the same outcome in the afterlife",4004,92,350733,2022-02-22T14:30:36+00:00,Murdoch89,Foids will have sex with me in hell,overlord,5.0,"Feb 24, 2018",7965.0,"time
2h 44m",2022-01-30 00:34:04+00:00,4,[],[],['Bleachcel'],[20434],2022-01,2022-01-30 00:34:04+00:00,2018-02-24 00:00:00+00:00,1436,3813,0.656960716747071,later
18,5335,,Experiment What's your race?,Sand,1350,102,388131,2022-07-05T04:44:13+00:00,tehgymcel420,From Zabbaleen Egypt,VIPCOSMIC,5.0,"Nov 10, 2017",25554.0,"time
3h 29m",2022-07-05 01:12:43+00:00,12,[],[],[],[],2022-07,2022-07-05 01:12:43+00:00,2017-11-10 00:00:00+00:00,1698,13225,0.7547654377354184,later
19,917,,LDAR Complete list of .is sandniggers!,And looks,1350,102,537115,2025-01-06T15:01:29+00:00,tehgymcel420,From Zabbaleen Egypt,VIPCOSMIC,5.0,"Nov 10, 2017",25553.0,"time
3h 26m",2023-10-22 06:07:42+00:00,114,[],[],['SlayerSlayer'],[10247],2023-10,2023-10-22 06:07:42+00:00,2017-11-10 00:00:00+00:00,2172,15470,0.8828900810409771,later
20,70012,,Discussion Elliot Rodger and Adolf Hitler are more similar than most people here realize.,However Hitler got laid whilst Elliot didn't get any,4004,92,442796,2022-12-30T05:25:43+00:00,Murdoch89,Foids will have sex with me in hell,overlord,5.0,"Feb 24, 2018",7965.0,"time
2h 44m",2022-12-27 17:21:38+00:00,12,[],[],[],[],2022-12,2022-12-27 17:21:38+00:00,2018-02-24 00:00:00+00:00,1767,4615,0.7951412818745692,later
21,47308,,Serious How do you prevent your own white knight behaviour?,"I was walking on an almost empty street once while a crazy homeless guy was pacing around and yelling in the distance, a foid I hadn't noticed yet got really close to me while still keeping mostly out of my sight, so close that she was almost peeking out from under my armpit, literally silently using me as a human shield until we got past that guy, then quickly distanced and left without addressing a word/gesture to me once 'the danger had past'.

Foid attitude towards favors/knighting in a nutshell, remembering this helps me from white knighting too hard, but I would probably still lapse for a girl that was a very good genetics match.",6268,96,50549,2018-06-13T08:01:03+00:00,turbocuckcel_7000,‎ ‎ ‎ ‎Yoshika Says: T⭕TAL TR⭕⭕N DE⭕TH,overlord,5.0,"May 2, 2018",35896.0,"time
3d 11h",2018-06-13 07:19:42+00:00,24,[],[],[],[],2018-06,2018-06-13 07:19:42+00:00,2018-05-02 00:00:00+00:00,42,12,0.0007652085193215151,onboarding
22,47309,,Do you have virtual friends?,"I have a friend from another country I stay in very regular touch with since 2003, we've worked on small projects and talk about useful stuff like school/jobs as we went through them, I have another I also worked on small game projects with and exchange autist jokes frequently with.

It does very little to deaden the pain in the long term.",6268,96,51657,2018-06-12T17:34:52+00:00,turbocuckcel_7000,‎ ‎ ‎ ‎Yoshika Says: T⭕TAL TR⭕⭕N DE⭕TH,overlord,5.0,"May 2, 2018",35896.0,"time
3d 11h",2018-06-12 13:00:36+00:00,29,[],[],[],[],2018-06,2018-06-12 13:00:36+00:00,2018-05-02 00:00:00+00:00,41,11,0.0007014411427113888,onboarding
23,86347,,Serious Which Christian denomination is most incel- and loner-friendly?,"It is. Yet ex-Jehovahs Witness foids always scream that JW's are the most misogynistic religion in the world; they're not. At best, the view of foids is based --- marry early, don't be a slut, don't move out before marriage, faggotry is viewed as immoral --- but besides that, its a gynocentric tradcuck religion. TBH I used to be part of a meetup for former Jehovahs Witnesses, but I stopped going because it was full of faggots whining about homophobia and bitter foids angry that their parents disapproved of their slutting around",12726,88,443310,2022-12-29T02:54:12+00:00,andinocel,Overlord,overlord,5.0,"Aug 18, 2018",5661.0,"time
1h 27m",2022-12-29 02:54:12+00:00,18,[],[],['ADHD_cel'],[48324],2022-12,2022-12-29 02:54:12+00:00,2018-08-18 00:00:00+00:00,1594,2582,0.7521118555199534,later
24,85377,,"Can we please stop with ""i look like ___"" without picture threads","If I looked like you I wouldn't be incel.

But I don't want to post my pics here and neither should you.",95,91,1143,2017-11-11T02:55:03+00:00,Angry_runt,Cursed OGcel,VIPCOSMIC,5.0,"Nov 7, 2017",12635.0,"time
2h 1m",2017-11-11 02:33:06+00:00,7,[],[],['JovanD'],[None],2017-11,2017-11-11 02:33:06+00:00,2017-11-07 00:00:00+00:00,4,15,0.001511639625113373,onboarding
25,108970,,RageFuel ONE OF THE MOST CUCKIEST ANIME IVE EVER SEEN,"some arent , but this is propably the cuckiest one i seen so far , dude made me litteraly rage",6579,86,108362,2019-02-23T16:32:07+00:00,Izayacel,"Blade HatER """,VIPCOSMIC,5.0,"May 5, 2018",26803.0,"time
1d 16h",2019-02-21 20:04:19+00:00,7,[],[],['Insomniac'],[14776],2019-02,2019-02-21 20:04:19+00:00,2018-05-05 00:00:00+00:00,292,2244,0.1373905589909998,later
26,24484,,It's Over Incel trait: being sad when a long time or well known member gets banned,"I miss a lot of the older posters. Definitely an incel trait. Free , , , and more tbh.",40,100,142971,2019-09-06T12:14:50+00:00,ordinaryotaku,Feminists = cultural traitors deserving execution.,VIPCOSMIC,5.0,"Nov 7, 2017",16402.0,"time
11h 41s",2019-09-06 02:43:06+00:00,2,[],[],[],[],2019-09,2019-09-06 02:43:06+00:00,2017-11-07 00:00:00+00:00,668,4096,0.48125954646927505,later
27,34101,,JFL JBW killed noodle wife “in rage state”,gay thread full of 99% ignorecucks,6268,96,475685,2023-04-09T15:42:06+00:00,turbocuckcel_7000,‎ ‎ ‎ ‎Yoshika Says: T⭕TAL TR⭕⭕N DE⭕TH,overlord,5.0,"May 2, 2018",35892.0,"time
3d 9h",2023-04-08 10:57:24+00:00,30,[],[],[],[],2023-04,2023-04-08 10:57:24+00:00,2018-05-02 00:00:00+00:00,1802,11662,0.7436551460272924,later
28,129697,,Serious If a villain asked for your help to destroy today's society,"tbh the media is doing us a favor by casting incels as villains, very dark triad which is a attractive personality trait to foids, boosting SMV.",1769,85,101730,2019-01-18T16:13:06+00:00,AsiaCel,shalom goyim,VIPCOSMIC,5.0,"Nov 24, 2017",30111.0,"time
15h 3m",2019-01-18 11:01:08+00:00,32,[],[],['venomous_dwarf'],[16725],2019-01,2019-01-18 11:01:08+00:00,2017-11-24 00:00:00+00:00,420,2162,0.11330049261083744,later
29,139967,,Whats your current LDAR setup?,High libido,3859,85,23902,2018-02-22T02:56:41+00:00,RandomGuy,Paragon,VIPCOSMIC,5.0,"Feb 20, 2018",18553.0,"time
1d 12h",2018-02-21 05:07:07+00:00,24,[],[],['takurak'],[None],2018-02,2018-02-21 05:07:07+00:00,2018-02-20 00:00:00+00:00,1,1,0.0002556237218813906,onboarding
30,125627,,"Being ""A Man"" is bullshit",Incels are real men. We don't give in to soycietys bullshit,1769,85,357712,2022-03-02T16:29:12+00:00,AsiaCel,shalom goyim,VIPCOSMIC,5.0,"Nov 24, 2017",30107.0,"time
14h 42m",2022-03-02 06:09:43+00:00,5,[],[],[],[],2022-03,2022-03-02 06:09:43+00:00,2017-11-24 00:00:00+00:00,1559,5944,0.3114977465674458,later
31,47184,,"SuicideFuel time to go to sleep, hugging a pillow in my arms and pretending it's someone who loves me","For a very long time I couldn't sleep any other way, usually on my side or belly.
As my TMJ (jaw) problems got worse I have to sleep on my back which doesn't give that feeling of being curled up at all and makes it harder for me to fall asleep unless I'm physically exhausted.",6268,96,51701,2018-07-05T13:45:49+00:00,turbocuckcel_7000,‎ ‎ ‎ ‎Yoshika Says: T⭕TAL TR⭕⭕N DE⭕TH,overlord,5.0,"May 2, 2018",35896.0,"time
3d 11h",2018-06-12 06:33:27+00:00,7,[],[],[],[],2018-06,2018-06-12 06:33:27+00:00,2018-05-02 00:00:00+00:00,41,6,0.00038260425966075756,onboarding
32,137334,,I can barely even listen to music anymore.,"Most western music is jewed one-hit wonders. Jewboi has the tha raps for u retard ape monkey head.

You might like this.",3859,85,353094,2022-02-09T17:31:47+00:00,RandomGuy,Paragon,VIPCOSMIC,5.0,"Feb 20, 2018",18548.0,"time
1d 12h",2022-02-09 17:31:47+00:00,11,[],[],['JegErSkribent'],[21152],2022-02,2022-02-09 17:31:47+00:00,2018-02-20 00:00:00+00:00,1450,1721,0.4399284253578732,later
33,52821,,Based Hitler: The master race is the one who work tirelessly for his community,This is a retarded take,10247,94,579372,2024-03-21T05:07:28+00:00,SlayerSlayer,The Satoru Iwata of incels.is,admin,5.0,"Jul 10, 2018",25254.0,"time
11h 1m",2024-02-28 05:54:04+00:00,3,[],[],[],[],2024-02,2024-02-28 05:54:04+00:00,2018-07-10 00:00:00+00:00,2059,15480,0.759530935675384,later
34,32010,,The entire society and morality was turned upside down,Foids made a deal with kikes to destroy it all,6268,96,610798,2024-06-14T21:34:48+00:00,turbocuckcel_7000,‎ ‎ ‎ ‎Yoshika Says: T⭕TAL TR⭕⭕N DE⭕TH,overlord,5.0,"May 2, 2018",35881.0,"time
3d 8h",2024-05-27 12:44:51+00:00,46,[],[],[],[],2024-05,2024-05-27 12:44:51+00:00,2018-05-02 00:00:00+00:00,2217,13266,0.845938018109935,later
35,14121,,JFL @ all the ethniccel copers who think they are virgin at 20 because of there race.. look at this GIGANTIC MOG,"Idk who's what percent what, I just know that we're all ugly as fuck.",1350,102,111104,2019-03-09T10:03:02+00:00,tehgymcel420,From Zabbaleen Egypt,VIPCOSMIC,5.0,"Nov 10, 2017",25554.0,"time
3h 37m",2019-03-08 06:16:39+00:00,27,[],[],['Sanpakucel'],[17384],2019-03,2019-03-08 06:16:39+00:00,2017-11-10 00:00:00+00:00,483,5224,0.2981394817943157,later
36,73193,,SuicideFuel Emotions coming back!!!,"I won't be fapping now for 3 months,will explain later in a thread",4004,92,113112,2019-03-19T17:03:35+00:00,Murdoch89,Foids will have sex with me in hell,overlord,5.0,"Feb 24, 2018",7965.0,"time
2h 44m",2019-03-19 13:27:23+00:00,7,[],[],[],[],2019-03,2019-03-19 13:27:23+00:00,2018-02-24 00:00:00+00:00,388,1487,0.2562026188835286,later
37,22254,,Can you be incel if you are 6'4?,Height doesn't matter. Looks are everything.,40,100,206,2021-03-17T16:39:01+00:00,ordinaryotaku,Feminists = cultural traitors deserving execution.,VIPCOSMIC,5.0,"Nov 7, 2017",16396.0,"time
10h 45m",2017-11-08 23:56:39+00:00,15,[],[],[],[],2017-11,2017-11-08 23:56:39+00:00,2017-11-07 00:00:00+00:00,1,4,0.0004699800258489014,onboarding
38,68696,,Blackpill The absolute biggest insult a male can receive,"I think the biggest insult a man could receive is a vehement ""creepy"" for just being socially awkward. Like others have mentioned, at least you're friend-zoned. When you are creep-shamed, you are banished into an inescapable pariah pit, and you are no longer allowed to talk to any other females.",10247,94,48471,2018-07-10T16:18:28+00:00,SlayerSlayer,The Satoru Iwata of incels.is,admin,5.0,"Jul 10, 2018",25261.0,"time
11h 19m",2018-07-10 13:17:15+00:00,45,[],[],[],[],2018-07,2018-07-10 13:17:15+00:00,2018-07-10 00:00:00+00:00,0,1,4.906530592218242e-05,onboarding
39,111257,,RageFuel Accepting truth HOLY TRINITY LMS IS ALL or Cope,Darling in.the franxx is absolute suicide fuel and im about to finish violet evergarden soon.then i start animegataris (has nothing to do with the monogatari series but the title sounds interesting so yea),6579,86,41420,2018-05-05T20:25:38+00:00,Izayacel,"Blade HatER """,VIPCOSMIC,5.0,"May 5, 2018",26813.0,"time
1d 16h",2018-05-05 20:09:26+00:00,23,[],[],[],[],2018-05,2018-05-05 20:09:26+00:00,2018-05-05 00:00:00+00:00,0,11,0.0006734831323088226,onboarding
40,43889,,Serious It is more important to appease men than it is women. Here's why:,"and yet you still see chads here and there, i always thought this would be the new evolutionary pressure and bottleneck, who is resistant to plastics and xenoestrogens and who isn't",6268,96,123833,2019-05-29T18:32:18+00:00,turbocuckcel_7000,‎ ‎ ‎ ‎Yoshika Says: T⭕TAL TR⭕⭕N DE⭕TH,overlord,5.0,"May 2, 2018",35894.0,"time
3d 11h",2019-05-29 14:56:38+00:00,11,[],[],['Braincel14w'],[4712],2019-05,2019-05-29 14:56:38+00:00,2018-05-02 00:00:00+00:00,392,3351,0.21368447902053309,later
41,62143,,Serious Just because ER killed a few ricecels doesn't diminish his day of retribution,"it's obvious that ER killed them as an expression of extreme self hatred. There's a reason why he did it brutally with a knife, yet got cucked by a door at the sorority house. I admire the manifesto, but at the end of the day, he's a HUGE white worshipping self-hating cuck, that could barely get over simping on the day of retribution. Relatable manifesto, but he's hardly a person worth worshipping.",10247,94,296725,2021-05-24T05:14:09+00:00,SlayerSlayer,The Satoru Iwata of incels.is,admin,5.0,"Jul 10, 2018",25261.0,"time
11h 19m",2021-05-23 22:02:52+00:00,43,[],[],[],[],2021-05,2021-05-23 22:02:52+00:00,2018-07-10 00:00:00+00:00,1048,6860,0.33658799862617145,later
42,88874,,Too nice?,Yes. This describes my experiences to a t.,12726,88,68744,2018-08-20T23:45:13+00:00,andinocel,Overlord,overlord,5.0,"Aug 18, 2018",5661.0,"time
1h 27m",2018-08-20 23:43:35+00:00,8,[],[],['mentalcel'],[1577],2018-08,2018-08-20 23:43:35+00:00,2018-08-18 00:00:00+00:00,2,17,0.004951937081270026,onboarding
43,139954,,I WISH GUNS WERE LEGAL IN THE UK,"Land whale harpoon cannon

[attachment=2438]",3859,85,24164,2018-02-23T01:53:20+00:00,RandomGuy,Paragon,VIPCOSMIC,5.0,"Feb 20, 2018",18553.0,"time
1d 12h",2018-02-22 09:24:12+00:00,25,[],[],[],[],2018-02,2018-02-22 09:24:12+00:00,2018-02-20 00:00:00+00:00,2,13,0.0033231083844580778,onboarding
44,41553,,JFL Tall girl realizes what it's like to be virtue signaled at.,"great find

don't want to ""deal with it"" and ""man up"" do they",6268,96,145448,2019-09-18T21:11:31+00:00,turbocuckcel_7000,‎ ‎ ‎ ‎Yoshika Says: T⭕TAL TR⭕⭕N DE⭕TH,overlord,5.0,"May 2, 2018",35894.0,"time
3d 11h",2019-09-18 18:01:45+00:00,29,[],[],[],[],2019-09,2019-09-18 18:01:45+00:00,2018-05-02 00:00:00+00:00,504,5565,0.35486545083535265,later
45,42296,,how do normie men in relationships handle the pressure of having to wine and dine their girl all the time?,"lol, no joke. this is what normal, successful men actually do.
they don't marry or even get engaged with them at 18. but that is when they meet them and start dating.

HOLY COW if you let yourself get intimidated by society to the point that you are single and too old for even 19-20 girls to look at you because of hair/aging.
OH MY GOD.

Ngl, I have some trouble imagining it along with my shitty stressful job, where they just throw improperly-planned shit at me all the time and expect me to fix it somehow.",6268,96,138021,2019-08-14T06:44:54+00:00,turbocuckcel_7000,‎ ‎ ‎ ‎Yoshika Says: T⭕TAL TR⭕⭕N DE⭕TH,overlord,5.0,"May 2, 2018",35894.0,"time
3d 11h",2019-08-13 17:35:43+00:00,13,[],[],"['tooth monster', 'mylifeistrash']","[5973, 2459]",2019-08,2019-08-13 17:35:43+00:00,2018-05-02 00:00:00+00:00,468,4855,0.309590613442163,later
46,69616,,"Hypocrisy Women sexualize men in the workplace just as much, if not more",The guy must be a chad,4004,92,503972,2023-07-12T21:45:17+00:00,Murdoch89,Foids will have sex with me in hell,overlord,5.0,"Feb 24, 2018",7965.0,"time
2h 44m",2023-07-12 16:40:35+00:00,5,[],[],[],[],2023-07,2023-07-12 16:40:35+00:00,2018-02-24 00:00:00+00:00,1964,4987,0.8592350103376981,later
47,68409,,Would Jason Vorhees be the ultimate incel super hero?,I wish they would make a Friday the 13th that was more from Jason's perpective- and that he killed more people and more rapidly. Jason kills people at the rate a teenager jerks off.,10247,94,27160,2018-09-13T16:29:02+00:00,SlayerSlayer,The Satoru Iwata of incels.is,admin,5.0,"Jul 10, 2018",25261.0,"time
11h 19m",2018-07-16 11:37:31+00:00,16,[],[],[],[],2018-07,2018-07-16 11:37:31+00:00,2018-07-10 00:00:00+00:00,6,16,0.0007850448947549187,onboarding
48,68688,,JFL What do you call a Chad jew,"I like ""Chad-Kenazim,"" because it has an element of Ashkenazim Alpha Jews shitting on Sephardic Beta Jews implicit.",10247,94,60024,2018-07-14T06:53:54+00:00,SlayerSlayer,The Satoru Iwata of incels.is,admin,5.0,"Jul 10, 2018",25261.0,"time
11h 19m",2018-07-13 06:49:27+00:00,4,[],[],[],[],2018-07,2018-07-13 06:49:27+00:00,2018-07-10 00:00:00+00:00,3,6,0.00029439183553309456,onboarding
49,2935,,I miss my buddies from r/Incels,"I'm from /r/incels too, though I don't think anyone ever noticed me.",1350,102,947,2023-09-06T13:50:49+00:00,tehgymcel420,From Zabbaleen Egypt,VIPCOSMIC,5.0,"Nov 10, 2017",25554.0,"time
3h 29m",2017-11-11 03:40:59+00:00,22,[],[],[],[],2017-11,2017-11-11 03:40:59+00:00,2017-11-10 00:00:00+00:00,1,2,0.0001141422212076247,onboarding
50,131766,,You will never be more than a cuck you don't look like this in 2017,"Fuck it's fucking over. I will never get to fuck a female, let alone be a 'beta'.",1769,85,3759,2017-11-25T17:44:58+00:00,AsiaCel,shalom goyim,VIPCOSMIC,5.0,"Nov 24, 2017",30115.0,"time
15h 15m",2017-11-24 10:44:03+00:00,5,[],[],[],[],2017-11,2017-11-24 10:44:03+00:00,2017-11-24 00:00:00+00:00,0,14,0.0007336757153338225,onboarding
51,139963,,can jews be chads?,Jews are a race. Full blood Jews are Khazars. Black/Curry/Rice Jews imposters.,3859,85,24042,2018-02-22T12:58:05+00:00,RandomGuy,Paragon,VIPCOSMIC,5.0,"Feb 20, 2018",18553.0,"time
1d 12h",2018-02-22 09:44:58+00:00,57,[],[],['chudur-budur'],[None],2018-02,2018-02-22 09:44:58+00:00,2018-02-20 00:00:00+00:00,2,14,0.0035787321063394683,onboarding
52,20453,,Elliot Rodger was a failed chad,He'd slay if he wasn't an aspie.,40,100,507,2023-10-06T07:23:50+00:00,ordinaryotaku,Feminists = cultural traitors deserving execution.,VIPCOSMIC,5.0,"Nov 7, 2017",16395.0,"time
10h 36m",2017-11-09 01:08:53+00:00,7,[],[],[],[],2017-11,2017-11-09 01:08:53+00:00,2017-11-07 00:00:00+00:00,2,5,0.0005874750323111268,onboarding
53,68683,,Serious What would you do if they shut down this site?,"Being an incel is like being veal in a cage. They tell you to respect women, never approach them, never complain about it. Then they bitch about how because men never complain and keep their pain bottled up they go crazy and commit suicide. It's this bullshit way of passive-aggressively murdering men.  MAKE UP YOUR MIND BITCHES.",10247,94,60796,2018-07-16T13:40:01+00:00,SlayerSlayer,The Satoru Iwata of incels.is,admin,5.0,"Jul 10, 2018",25261.0,"time
11h 19m",2018-07-16 12:08:25+00:00,11,[],[],[],[],2018-07,2018-07-16 12:08:25+00:00,2018-07-10 00:00:00+00:00,6,19,0.0009322408125214661,onboarding
54,47667,,RageFuel Adultery is shit,it would be cool to cheat on my wife and then punch her for be uppity about my adultery,10247,94,858485,2026-04-13T17:03:11+00:00,SlayerSlayer,The Satoru Iwata of incels.is,admin,5.0,"Jul 10, 2018",25235.0,"time
9h 41m",2026-04-13 17:03:11+00:00,35,[],[],[],[],2026-04,2026-04-13 17:03:11+00:00,2018-07-10 00:00:00+00:00,2834,20162,0.989254698003042,later
55,85380,,Their is no hope.,"I'm 5'11"" and I've been told by girls that's too short. Not like I'd be getting any if I was 6'4"" so being king of the manlets doesn't bother me much.",95,91,168,2017-11-09T03:15:09+00:00,Angry_runt,Cursed OGcel,VIPCOSMIC,5.0,"Nov 7, 2017",12635.0,"time
2h 1m",2017-11-09 03:04:26+00:00,4,[],[],[],[],2017-11,2017-11-09 03:04:26+00:00,2017-11-07 00:00:00+00:00,2,12,0.0012093117000906983,onboarding
56,39400,,RageFuel My day is ruined,it's what I'd recommend,6268,96,181248,2020-02-24T12:29:24+00:00,turbocuckcel_7000,‎ ‎ ‎ ‎Yoshika Says: T⭕TAL TR⭕⭕N DE⭕TH,overlord,5.0,"May 2, 2018",35894.0,"time
3d 10h",2020-02-24 10:09:57+00:00,15,[],[],['Personalityinkwell'],[23682],2020-02,2020-02-24 10:09:57+00:00,2018-05-02 00:00:00+00:00,663,7400,0.47187858691493434,later
57,47316,,Serious Do you think it´s possible to recover mentally after spending your teens and 20s as an incel?,"- your miracle wife will have vastly more sexual experience than you and try to force you into facing it one way or another, and to her advantage (i.e she's not a whore and you're a loser), and she can bring this up any time during arguments
- your miracle wife will not coddle you or support you or give you ""an easy time"" because of what you've been through, show any visible sign of your mental scarring and you are in trouble
- sex with your miracle wife won't be a refuge or a place for healing, it will be exactly the same as the rest of your relationship with her, something where you are weak and she is strong in total defiance of the natural order of things",6268,96,49193,2018-06-04T13:48:47+00:00,turbocuckcel_7000,‎ ‎ ‎ ‎Yoshika Says: T⭕TAL TR⭕⭕N DE⭕TH,overlord,5.0,"May 2, 2018",35896.0,"time
3d 11h",2018-06-03 11:30:39+00:00,12,[],[],[],[],2018-06,2018-06-03 11:30:39+00:00,2018-05-02 00:00:00+00:00,32,0,0.0,onboarding
58,28836,,Would you be fine with a looksmatch society?,"Yes, idgaf as long as she's skinny.",40,100,391,2017-11-09T09:03:53+00:00,ordinaryotaku,Feminists = cultural traitors deserving execution.,VIPCOSMIC,5.0,"Nov 7, 2017",16402.0,"time
11h 5m",2017-11-09 01:50:00+00:00,13,[],[],[],[],2017-11,2017-11-09 01:50:00+00:00,2017-11-07 00:00:00+00:00,2,17,0.001997415109857831,onboarding
59,111251,,RageFuel Accepting truth HOLY TRINITY LMS IS ALL or Cope,"Old rant got deleted how ubfortunate howev as a 5,7 max 4 smartcel your fuckt from pua to pua attempts and now mgtow incel

The holy Trinity lms is litteraly all, but it dosnt stop there you need to be suparb in either of those, average get dumped sooner or later and just are utility 

If your outcast and not cultivate like a extro lord does you have it even worse not, that i care its a fake fest anyways after 300 hourd of red and blue pill you see things

I now dont give 1 shit i did everything in my power not that wymins arent that important anymore but you get treated like trash in general go the monk route and lern to be a big jerk to everyone

~ i didnt ask for this shit therefore i owe no one shit",6579,86,41420,2018-05-05T20:25:38+00:00,Izayacel,"Blade HatER """,VIPCOSMIC,5.0,"May 5, 2018",26813.0,"time
1d 16h",2018-05-05 18:57:20+00:00,1,[],[],[],[],2018-05,2018-05-05 18:57:20+00:00,2018-05-05 00:00:00+00:00,0,0,0.0,onboarding
60,30365,,JFL Old hag wants to have a child with Chad,Chad but spelled out with chink letters,6268,96,794109,2025-09-26T03:58:29+00:00,turbocuckcel_7000,‎ ‎ ‎ ‎Yoshika Says: T⭕TAL TR⭕⭕N DE⭕TH,overlord,5.0,"May 2, 2018",35879.0,"time
3d 7h",2025-09-25 15:24:39+00:00,4,[],[],[],[],2025-09,2025-09-25 15:24:39+00:00,2018-05-02 00:00:00+00:00,2703,14600,0.9310036985078434,later
61,79969,,SuicideFuel You will never experience a woman looking at you like this,What's that faggot doing with his toes?,95,91,207498,2020-05-24T07:56:53+00:00,Angry_runt,Cursed OGcel,VIPCOSMIC,5.0,"Nov 7, 2017",12635.0,"time
2h 1m",2020-05-23 15:12:40+00:00,3,[],[],[],[],2020-05,2020-05-23 15:12:40+00:00,2017-11-07 00:00:00+00:00,928,5274,0.5314924921898619,later
62,74598,,Women Share their Opinions on giving Blowjobs (Extreme Sui Fuel),Reading that there would make me want to join isis,4004,92,24905,2018-02-25T18:45:42+00:00,Murdoch89,Foids will have sex with me in hell,overlord,5.0,"Feb 24, 2018",7965.0,"time
2h 45m",2018-02-25 03:55:45+00:00,14,[],[],[],[],2018-02,2018-02-25 03:55:45+00:00,2018-02-24 00:00:00+00:00,1,7,0.001206064782908339,onboarding
63,111250,,RageFuel Do Not Open This Thread If You're A Depressed Incel,Usefull*,6579,86,41428,2018-05-05T22:08:50+00:00,Izayacel,"Blade HatER """,VIPCOSMIC,5.0,"May 5, 2018",26813.0,"time
1d 16h",2018-05-05 22:08:50+00:00,29,[],[],[],[],2018-05,2018-05-05 22:08:50+00:00,2018-05-05 00:00:00+00:00,0,15,0.0009183860895120309,onboarding
64,99884,,"Self improvement ""for yourself"" might be the biggest cope BS of all time","Self improvement is another Gaslight ( for man of Course ) because Woman are gOod tHe wAy tHeY aRe "" .

So society has more productive Retards in the Mix that dont know that the Game IS heavily stackesd against Them.

A Fat Woman IS able to fuck Chad and IS called Goddess On Occasion. 

Self improvement my Ass.",6579,86,418600,2022-10-17T16:40:38+00:00,Izayacel,"Blade HatER """,VIPCOSMIC,5.0,"May 5, 2018",26761.0,"time
1d 14h",2022-10-15 07:01:38+00:00,11,[],[],['Toxic_Manbabby'],[35333],2022-10,2022-10-15 07:01:38+00:00,2018-05-05 00:00:00+00:00,1624,8671,0.5308883854772546,later
65,47307,,Blackpill My predictions for the future about society (5-10 years from now),"good predictions imo, as for 3rd world women, lol, all the eligible whitish 3rd world women are already under pressure from
- getting obese and undesirable
- taken by wealthy darker toned immigrants that were already there and mogging the natives
- doing heavy whoring/sugardating bullshit with 80 year olds and other dubious clients because of poverty

a place with easy access to thin, attractive light-skinned women does not exist anywhere because the entire world is a market now.",6268,96,52642,2018-06-17T01:02:18+00:00,turbocuckcel_7000,‎ ‎ ‎ ‎Yoshika Says: T⭕TAL TR⭕⭕N DE⭕TH,overlord,5.0,"May 2, 2018",35896.0,"time
3d 11h",2018-06-16 23:26:57+00:00,20,[],[],[],[],2018-06,2018-06-16 23:26:57+00:00,2018-05-02 00:00:00+00:00,45,15,0.0009565106491518938,onboarding
66,97421,,I dont masturbate anymore,when i need to release i release .,6579,86,479172,2023-04-20T22:30:21+00:00,Izayacel,"Blade HatER """,VIPCOSMIC,5.0,"May 5, 2018",26761.0,"time
1d 14h",2023-04-20 21:20:09+00:00,5,[],[],[],[],2023-04,2023-04-20 21:20:09+00:00,2018-05-05 00:00:00+00:00,1811,10484,0.6418906508296087,later
67,35784,,Blackpill Young couples dont exist anymore,"yes, young couples if they exist are a mess of racemixing and dysgenics
racemixing where it's either a guy trying to get the cheapest girl possible, or a girl trying to get the most dominant man possible
dysgenics where tall guys pair up with extremely short girls, or very ugly girls

also, don't forget...

even if there is a VERY stable and loving couple... they will sit for decades without having kids, and only breed when they are old enough to have kids with a high risk for autism or other disabilities. this is a rule which is never broken. even for the best relationships between soulmates. NO EXCEPTIONS",6268,96,314138,2022-01-01T06:10:26+00:00,turbocuckcel_7000,‎ ‎ ‎ ‎Yoshika Says: T⭕TAL TR⭕⭕N DE⭕TH,overlord,5.0,"May 2, 2018",35892.0,"time
3d 9h",2021-08-23 17:25:24+00:00,3,[],[],[],[],2021-08,2021-08-23 17:25:24+00:00,2018-05-02 00:00:00+00:00,1209,10280,0.655528631552098,later
68,71901,,Every day i think about my useless life,"Turning 31 in 3 weeks and yet I'm still here, fuck I hate myself for never having the guts to rope 

Anyway my whole existence is a complete joke, I have never done anything in my life, even if I try I usually just fuck it up all the time, there is no point in even trying anymore

And the fact that I have never had a girlfriend goes through my mind everyday to and the fact that almost everyone is having sex at least once month, seriously I wish I lived a good life up to the point of 20 and then just die of cancer rather than having to live possibly another 30 years of this whole pathetic thing called life

If I had to have been born in America I would have probably went ER long ago",4004,92,176984,2020-02-08T23:29:49+00:00,Murdoch89,Foids will have sex with me in hell,overlord,5.0,"Feb 24, 2018",7965.0,"time
2h 44m",2020-02-07 23:31:22+00:00,1,[],[],[],[],2020-02,2020-02-07 23:31:22+00:00,2018-02-24 00:00:00+00:00,713,2794,0.4813921433494142,later
69,131773,,What does the future hold for us incels?,"Some might get lucky to beta a girl, we're gonna become lonely wagecucks; except a incel is exceptionally intelligent he won't make it far. It's fucking over.",1769,85,3807,2017-11-25T08:59:20+00:00,AsiaCel,shalom goyim,VIPCOSMIC,5.0,"Nov 24, 2017",30115.0,"time
15h 15m",2017-11-24 10:33:20+00:00,4,[],[],[],[],2017-11,2017-11-24 10:33:20+00:00,2017-11-24 00:00:00+00:00,0,12,0.0006288648988575621,onboarding
70,45596,,It's Over Anyone else lost their sex drive?,"only when the depression/oneitis hits, for a few days, otherwise my dick is only getting angrier as time goes on",6268,96,97023,2018-12-29T01:37:47+00:00,turbocuckcel_7000,‎ ‎ ‎ ‎Yoshika Says: T⭕TAL TR⭕⭕N DE⭕TH,overlord,5.0,"May 2, 2018",35894.0,"time
3d 11h",2018-12-26 13:52:23+00:00,15,[],[],[],[],2018-12,2018-12-26 13:52:23+00:00,2018-05-02 00:00:00+00:00,238,1626,0.10368575436806529,later
71,45100,,"""B-but intelligent people are lonely wolves""",and yet here we are,6268,96,106035,2019-02-10T00:41:09+00:00,turbocuckcel_7000,‎ ‎ ‎ ‎Yoshika Says: T⭕TAL TR⭕⭕N DE⭕TH,overlord,5.0,"May 2, 2018",35894.0,"time
3d 11h",2019-02-09 18:45:08+00:00,26,[],[],['JimJones'],[16802],2019-02,2019-02-09 18:45:08+00:00,2018-05-02 00:00:00+00:00,283,2165,0.13805637036092336,later
72,802,,Serious Did YOU ever hear the Tragedy of Chidambaram The Currycel?,What's that?,1350,102,624299,2025-02-12T01:18:39+00:00,tehgymcel420,From Zabbaleen Egypt,VIPCOSMIC,5.0,"Nov 10, 2017",25553.0,"time
3h 26m",2024-06-30 21:22:57+00:00,10,[],[],['Rapist'],[48620],2024-06,2024-06-30 21:22:57+00:00,2017-11-10 00:00:00+00:00,2424,16282,0.9292318228512727,later
73,26053,,"Blackpill ""Toronto like a surveillance prison"", Stephen O'Keefe, targeted incel/loner of Toronto","I thought I was a hardcore believer in government psyops and attacks on citizens via heavy surveillance, but this shit is on a whole other level.",40,100,110320,2019-03-08T08:39:44+00:00,ordinaryotaku,Feminists = cultural traitors deserving execution.,VIPCOSMIC,5.0,"Nov 7, 2017",16402.0,"time
11h 3m",2019-03-04 06:29:12+00:00,9,[],[],[],[],2019-03,2019-03-04 06:29:12+00:00,2017-11-07 00:00:00+00:00,482,2668,0.31347667724121725,later
74,5368,,"If you had power, what would you do to cucks, numales, and feminists?","Personally, I'd have them gathered in a public place where they would be flogged and tortured. So the truth about these people would be made clear and they would serve as an example to others.",1350,102,1252,2022-06-29T15:17:52+00:00,tehgymcel420,From Zabbaleen Egypt,VIPCOSMIC,5.0,"Nov 10, 2017",25554.0,"time
3h 29m",2017-11-11 17:23:18+00:00,1,[],[],[],[],2017-11,2017-11-11 17:23:18+00:00,2017-11-10 00:00:00+00:00,1,7,0.00039949777422668647,onboarding
75,88848,,Autism-related question,"No. Being a womanizer requires the ability to “roll with the punches” with witty banter and being skilled at reading facial cues, two items that HFA guys are often incapable of.",12726,88,68693,2018-08-24T05:48:11+00:00,andinocel,Overlord,overlord,5.0,"Aug 18, 2018",5661.0,"time
1h 27m",2018-08-20 21:27:31+00:00,11,[],[],[],[],2018-08,2018-08-20 21:27:31+00:00,2018-08-18 00:00:00+00:00,2,13,0.0037867754150888435,onboarding
76,86031,,JFL Lithuaniacels kick BAC Kpop mogger out of nightclub,"The asian guy denied entry ought to know how often asians deny entry to non-asians in clubs --- far more common than europeans banning non-whites, I'd wager",12726,88,509195,2023-08-02T08:21:33+00:00,andinocel,Overlord,overlord,5.0,"Aug 18, 2018",5661.0,"time
1h 27m",2023-08-02 01:22:43+00:00,25,[],[],[],[],2023-08,2023-08-02 01:22:43+00:00,2018-08-18 00:00:00+00:00,1810,2874,0.8371686571511797,later
77,64854,,Blackpill Do you regret anything??,You're right 6'5 is definitely neccessary,10247,94,221534,2020-07-10T17:51:10+00:00,SlayerSlayer,The Satoru Iwata of incels.is,admin,5.0,"Jul 10, 2018",25261.0,"time
11h 19m",2020-07-10 08:56:50+00:00,8,[],[],['OverBeforeItBegan'],[11159],2020-07,2020-07-10 08:56:50+00:00,2018-07-10 00:00:00+00:00,731,3966,0.1945930032873755,later
78,74597,,I hate nerdy and smart girls.,I hate every woman who has walked the earth,4004,92,24595,2018-02-26T07:48:12+00:00,Murdoch89,Foids will have sex with me in hell,overlord,5.0,"Feb 24, 2018",7965.0,"time
2h 45m",2018-02-24 13:45:01+00:00,58,[],[],[],[],2018-02,2018-02-24 13:45:01+00:00,2018-02-24 00:00:00+00:00,0,0,0.0,onboarding
79,10149,,"Blackpill Reminder that there are examples of females drooling over Nazi, pedophile, terrorist, etc. Chads",Aren't females amazing?,1350,102,221948,2020-07-12T05:25:27+00:00,tehgymcel420,From Zabbaleen Egypt,VIPCOSMIC,5.0,"Nov 10, 2017",25554.0,"time
3h 37m",2020-07-12 03:48:21+00:00,25,[],[],['your personality'],[27204],2020-07,2020-07-12 03:48:21+00:00,2017-11-10 00:00:00+00:00,975,8987,0.5128980709964616,later
80,74580,,BRAZILLIAN MODELS BURNED ALLIVE IN A FERRARI CAR CRASH,I hope all sluts like her end up like that in hell,4004,92,26807,2018-03-10T17:32:17+00:00,Murdoch89,Foids will have sex with me in hell,overlord,5.0,"Feb 24, 2018",7965.0,"time
2h 45m",2018-03-05 20:54:27+00:00,42,[],[],[],[],2018-03,2018-03-05 20:54:27+00:00,2018-02-24 00:00:00+00:00,9,10,0.0017229496898690559,onboarding
81,19502,,Should I try to find a wife in my church community?,"While I have no gods but Blackops2cel, I'm part of a strict old fashioned christian community from the middle east. The Coptic Orthodox Church, these guys are basically Muslims that pray to Jesus instead of Allah. If I stay in this community I could probably find a wife in a few years. Of course she wouldn't be attracted to me, and I'd have to provide for her. But she'd basically be my property, I think it would even be permissible to beat her.",1350,102,2702,2017-11-18T21:56:22+00:00,tehgymcel420,From Zabbaleen Egypt,VIPCOSMIC,5.0,"Nov 10, 2017",25555.0,"time
3h 45m",2017-11-18 15:12:37+00:00,1,[],[],[],[],2017-11,2017-11-18 15:12:37+00:00,2017-11-10 00:00:00+00:00,8,17,0.0009702088802648099,onboarding
82,120146,,"i gained 26 pounds in one month, its getting bad","running will suck when you're heavy tbh. I couldn't run not even a mile when I was fatter. now I comfortably run 6 miles at a pace of 5-6mph

make sure you get used to it tho. eat some food, run for like 1-2 miles and then walk the rest of it, and walk less and run more. it takes time and your feet will hurt.

t. used to run 6 miles everyday when going to work before,  still runs these days",1769,85,534718,2023-10-14T14:05:27+00:00,AsiaCel,shalom goyim,VIPCOSMIC,5.0,"Nov 24, 2017",30105.0,"time
14h 7m",2023-10-13 14:43:06+00:00,8,[],[],[],[],2023-10,2023-10-13 14:43:06+00:00,2017-11-24 00:00:00+00:00,2149,11246,0.5893512210460119,later
83,68685,,Venting To all the people who say you don't even try,"Let's face it dude. It's over. Absolutely DO NOT approach IRL- you WILL be creep shamed.

Hasn't your mother told you, to NEVER talk to strangers? The only opportunity where it is okay to talk to a stranger is if an authority figure is present, and they deem it okay for you for the situation to allow a social interation. 

You might have a chance online- but even then I would be extra honest in your profile, in case if you meet  a chick in real life and ended up creep-shaming you posthumously. If you aren't CHAD you're never in the clear.",10247,94,60619,2018-07-16T11:48:03+00:00,SlayerSlayer,The Satoru Iwata of incels.is,admin,5.0,"Jul 10, 2018",25261.0,"time
11h 19m",2018-07-16 11:32:02+00:00,16,[],[],[],[],2018-07,2018-07-16 11:32:02+00:00,2018-07-10 00:00:00+00:00,6,15,0.0007359795888327364,onboarding
84,131654,,Grabbed a femoid's ass today,Can confirm. Sometimes train gets so cramped that I'm pushed to a roasties' boobs and asses unintentionally. Would never attempt it myself though.,1769,85,3719,2018-01-01T22:05:02+00:00,AsiaCel,shalom goyim,VIPCOSMIC,5.0,"Nov 24, 2017",30113.0,"time
15h 9m",2017-11-24 10:47:25+00:00,22,[],[],['marin'],[None],2017-11,2017-11-24 10:47:25+00:00,2017-11-24 00:00:00+00:00,0,15,0.0007860811235719526,onboarding
85,139423,,It's Over The delusion and pain of a coping bluepilled 41 year old virgin,"Sounds like a mouth-breather. By age 35-40 he could have easily afforded better copes. Bicycling is healthier, but it does not get out the rage like a fast car does.",3859,85,129603,2019-07-04T05:12:07+00:00,RandomGuy,Paragon,VIPCOSMIC,5.0,"Feb 20, 2018",18553.0,"time
1d 12h",2019-07-03 23:21:14+00:00,12,[],[],[],[],2019-07,2019-07-03 23:21:14+00:00,2018-02-20 00:00:00+00:00,498,431,0.11017382413087934,later
86,51501,,News Troon suicide rates have gone up by 72%,I didn't think having Trump in the white house would be this glorious. Christmas came early,10247,94,677272,2024-11-16T09:58:03+00:00,SlayerSlayer,The Satoru Iwata of incels.is,admin,5.0,"Jul 10, 2018",25252.0,"time
10h 55m",2024-11-09 06:29:52+00:00,72,[],[],[],[],2024-11,2024-11-09 06:29:52+00:00,2018-07-10 00:00:00+00:00,2314,16683,0.8185564986997694,later
87,71609,,This is foid thinking,Foids haven't invented much stuff throughout history so there is no need to worry,4004,92,203166,2020-05-12T01:05:25+00:00,Murdoch89,Foids will have sex with me in hell,overlord,5.0,"Feb 24, 2018",7965.0,"time
2h 44m",2020-05-12 00:40:07+00:00,24,[],[],[],[],2020-05,2020-05-12 00:40:07+00:00,2018-02-24 00:00:00+00:00,808,3080,0.5306685044796692,later
88,86411,,do we stand a better chance with right-wing or left-wing women?,"Women are pragmatic to a fault and don't really have beliefs or values. They just follow who they view as powerful, or politically align themselves with policies that let them get away with slutty behavior and laziness",12726,88,425622,2022-11-10T07:11:37+00:00,andinocel,Overlord,overlord,5.0,"Aug 18, 2018",5661.0,"time
1h 27m",2022-11-03 15:09:36+00:00,12,[],[],[],[],2022-11,2022-11-03 15:09:36+00:00,2018-08-18 00:00:00+00:00,1538,2510,0.7311389455286921,later
89,88092,,Discussion (spoilers) Does the Joker expose societies treatment of low status ugly men?,"keep in mind this is Hollywood, and a persons face cannot appear on screen if he’s ugly, but yes, it is implied that his character is an unattractive individual",12726,88,153828,2019-10-30T21:54:20+00:00,andinocel,Overlord,overlord,5.0,"Aug 18, 2018",5661.0,"time
1h 27m",2019-10-28 11:48:14+00:00,12,[],[],['King_of_morons'],[818],2019-10,2019-10-28 11:48:14+00:00,2018-08-18 00:00:00+00:00,436,813,0.23681910865132538,later
90,88079,,What race of foids made fun of you the most?,Negresses. Throughout middle and high school I was constantly mogged by Tyrones,12726,88,156005,2019-11-09T08:23:48+00:00,andinocel,Overlord,overlord,5.0,"Aug 18, 2018",5661.0,"time
1h 27m",2019-11-08 21:23:56+00:00,53,[],[],[],[],2019-11,2019-11-08 21:23:56+00:00,2018-08-18 00:00:00+00:00,447,828,0.2411884648995048,later
91,87707,,Theory Women are actually aware of the blackpill,"It is in their best interest to keep men blue-pilled. If women admit the following....
Then the vast majority of men would say ""Fuck it"". If the blackpill goes mainstream, women are screwed, because they will be forced to become independent and have to take the shitty dangerous jobs that ""independent women"" avoid, and will no longer have ""bodyguards on demand"" (i.e. the whiteknights) when they're faced with a dangerous situation",12726,88,225530,2020-07-24T17:25:43+00:00,andinocel,Overlord,overlord,5.0,"Aug 18, 2018",5661.0,"time
1h 27m",2020-07-24 12:54:06+00:00,33,[],[],['FinnCel'],[16207],2020-07,2020-07-24 12:54:06+00:00,2018-08-18 00:00:00+00:00,706,1221,0.355665598601806,later
92,68681,,Serious What would you do if they shut down this site?,"And not just shut down this site- what if they shut down all the subreddits, r9k, etc. What if they made it so inceldom were illegal as pedophilia, how would you cope?",10247,94,60796,2018-07-16T13:40:01+00:00,SlayerSlayer,The Satoru Iwata of incels.is,admin,5.0,"Jul 10, 2018",25261.0,"time
11h 19m",2018-07-16 11:45:06+00:00,1,[],[],[],[],2018-07,2018-07-16 11:45:06+00:00,2018-07-10 00:00:00+00:00,6,17,0.0008341102006771012,onboarding
93,28599,,Who is the ultimate incel?,Me. I am the truest truecel.,40,100,439,2017-11-23T15:56:29+00:00,ordinaryotaku,Feminists = cultural traitors deserving execution.,VIPCOSMIC,5.0,"Nov 7, 2017",16402.0,"time
11h 5m",2017-11-09 01:09:58+00:00,14,[],[],[],[],2017-11,2017-11-09 01:09:58+00:00,2017-11-07 00:00:00+00:00,2,6,0.0007049700387733521,onboarding
94,67254,,Serious What's so bad about a porn addiction as an incel?,"Give me a better argument than ""it's cucked."" The great mathematician Pascal once said ""All human evil comes from a single cause, man's inability to sit still in a room.""

So to me, if you're just some trucel sitting in his room jerking off, you are, by his timeless quote, not committing direct evil. The only bad thing about it, really, is that it drags you into a state of mediocrity. If you are truecel it's not like you have anything better to do . . .

I've diagrammed how I personally came upon just accepting my state of being a functional addict.

TIME SPENT AS A TRUCEL:

VIDYA -----> Hours of fun ------> Some Korean kills you ------> You're not cut out for this

GYM -------> You get tired -------> you remember that your face/height is fucked and loose motivation to go the extra mile

HANG OUT WITH FRIENDS ------> oh wait . . . silly incel you don't have IRL friends -------> shitpost on Incels.co

GO OUT -------> rejection ------> suicide

HOBBY ------> starts fun ------> feels like work ------->  get tired, lonely, and depressed

SIDE BUSINESS ------>  keep buying shit ------> realize you got nothing done but spend money and think of unactionable ideas

SUBSTANCE ABUSE -----> takes you out of your head -----. fuck your body up -----> start wussing out on your ability to fuck yourself up

PORN -------> Hours of intense pleasure --------> You blow a load --------> you wait till you get hard again",10247,94,147236,2019-09-30T08:08:36+00:00,SlayerSlayer,The Satoru Iwata of incels.is,admin,5.0,"Jul 10, 2018",25261.0,"time
11h 19m",2019-09-27 10:45:44+00:00,1,[],[],[],[],2019-09,2019-09-27 10:45:44+00:00,2018-07-10 00:00:00+00:00,444,1487,0.07296010990628526,later
95,28831,,Anybody Else High T and Left Wing/Liberal at the same time?,"I'm an independent authoritarian right winger (closest to neoreactionism), but I honestly hate cuckservatives and mainstream right wingers. They're among the bunch who browses IT.",40,100,454,2017-11-10T15:30:43+00:00,ordinaryotaku,Feminists = cultural traitors deserving execution.,VIPCOSMIC,5.0,"Nov 7, 2017",16402.0,"time
11h 5m",2017-11-09 01:27:14+00:00,26,[],[],[],[],2017-11,2017-11-09 01:27:14+00:00,2017-11-07 00:00:00+00:00,2,11,0.001292445071084479,onboarding
96,117160,,LifeFuel Noodlewhore killed in Australia stabbing!!,"Probably cheating on her bf being an university student in Australia and trying on clothes.




Rekt!!!



Foids should never leave (alone) from China, period.",1769,85,597824,2024-04-15T21:35:34+00:00,AsiaCel,shalom goyim,VIPCOSMIC,5.0,"Nov 24, 2017",30105.0,"time
14h 6m",2024-04-15 11:00:58+00:00,1,['www.dailymail.co.uk'],['https://www.dailymail.co.uk/news/article-13307923/Yixuan-Cheng-identified-sixth-victim-Bondi-Junction-stabbing.html'],[],[],2024-04,2024-04-15 11:00:58+00:00,2017-11-24 00:00:00+00:00,2334,14115,0.7397023372812074,later
97,77590,,RageFuel How do normfags get laid so easily?,"Contrary to the common coping mechanism of incels, normies are infinitely better off than us. And most of them don't earn enough money to betabux, so if a young normie had a girlfriend, she  him for sex.",95,91,306474,2021-07-20T14:13:25+00:00,Angry_runt,Cursed OGcel,VIPCOSMIC,5.0,"Nov 7, 2017",12635.0,"time
2h 1m",2021-07-14 23:27:06+00:00,8,[],[],[],[],2021-07,2021-07-14 23:27:06+00:00,2017-11-07 00:00:00+00:00,1345,7457,0.7514864456313615,later
98,139651,,Blackpill If your a friendless INCEL there is no point in owning a house.  Also its impossible to have a normal Wedding.,"I live the LDAR NEET lifestyle in a old 1970s trailer on a small plot of land in a low property tax district. It’s funny 
seeing some of these normies married to a landwhale stressed while paying mortgage for a McMansion. 
Wageslaving on the plantation while voting for the next Jew’d politician hoping things will get better. lulz",3859,85,56332,2018-06-29T22:37:38+00:00,RandomGuy,Paragon,VIPCOSMIC,5.0,"Feb 20, 2018",18553.0,"time
1d 12h",2018-06-28 17:21:02+00:00,12,[],[],[],[],2018-06,2018-06-28 17:21:02+00:00,2018-02-20 00:00:00+00:00,128,230,0.058793456032719835,later
99,19512,,This man understands,https://streamable.com/59j2l,1350,102,1339,2017-11-12T00:33:22+00:00,tehgymcel420,From Zabbaleen Egypt,VIPCOSMIC,5.0,"Nov 10, 2017",25555.0,"time
3h 45m",2017-11-12 00:33:22+00:00,1,[],[],[],[],2017-11,2017-11-12 00:33:22+00:00,2017-11-10 00:00:00+00:00,2,10,0.0005707111060381235,onboarding
100,135597,,It's Over England captain Harry Kane is married to your looksmatch,"I agree,
Nordic blonde overrated.",3859,85,472136,2023-03-26T16:58:52+00:00,RandomGuy,Paragon,VIPCOSMIC,5.0,"Feb 20, 2018",18547.0,"time
1d 12h",2023-03-26 16:35:13+00:00,11,[],[],['NihilisticSoul'],[47581],2023-03,2023-03-26 16:35:13+00:00,2018-02-20 00:00:00+00:00,1860,2482,0.6344580777096115,later
101,56015,,Race Poll 2023,curries coming in strong- let's get more chinks in here,10247,94,446403,2023-01-07T05:24:51+00:00,SlayerSlayer,The Satoru Iwata of incels.is,admin,5.0,"Jul 10, 2018",25257.0,"time
11h 8m",2023-01-07 05:11:51+00:00,32,[],[],[],[],2023-01,2023-01-07 05:11:51+00:00,2018-07-10 00:00:00+00:00,1642,12695,0.6228840586821058,later
102,88215,,"Experiment If you ever ascend, will you tell your hole you posted here? Postmaxcels GTFIH",Nope. It doesn’t need to know I posted here. Especially with the worsening reputation incels are getting,12726,88,137694,2019-08-12T20:40:26+00:00,andinocel,Overlord,overlord,5.0,"Aug 18, 2018",5661.0,"time
1h 27m",2019-08-11 21:43:50+00:00,33,[],[],[],[],2019-08,2019-08-11 21:43:50+00:00,2018-08-18 00:00:00+00:00,358,691,0.2012816778327993,later
103,85349,,Do you gymcel?,"Gymcel for 13 years. There's a lot more of us in the gyms than it looks like at first glance. Most have more sense than me though, and quit after a few years.",95,91,283,2017-11-13T20:24:20+00:00,Angry_runt,Cursed OGcel,VIPCOSMIC,5.0,"Nov 7, 2017",12635.0,"time
2h 1m",2017-11-08 18:21:06+00:00,25,[],[],[],[],2017-11,2017-11-08 18:21:06+00:00,2017-11-07 00:00:00+00:00,1,8,0.0008062078000604656,onboarding
104,104120,,SuicideFuel Brutal blackpill and dogpill found on normie site!,"good , at least some normie gets it 

woman laughing in the background bc they want to defend their victim status 

jfl",6579,86,329538,2021-11-02T03:14:53+00:00,Izayacel,"Blade HatER """,VIPCOSMIC,5.0,"May 5, 2018",26783.0,"time
1d 15h",2021-11-01 17:24:18+00:00,4,[],[],[],[],2021-11,2021-11-01 17:24:18+00:00,2018-05-05 00:00:00+00:00,1276,5841,0.35761954325598483,later
105,82526,,Serious Society.,"His ""solution"" is basically to serve society and find meaning in suffering. Foids want us to work and pay taxes and keep the world running and stay out of sight. Jordan Peterson wraps that up in some mysticism and self-improvement philosophy, but the essence is the same. Know your place and sacrifice for the world that rejected you.
I'm sick of his shit.",95,91,117993,2019-04-21T23:55:47+00:00,Angry_runt,Cursed OGcel,VIPCOSMIC,5.0,"Nov 7, 2017",12635.0,"time
2h 1m",2019-04-21 23:55:47+00:00,40,[],[],['TheRealChincel'],[2789],2019-04,2019-04-21 23:55:47+00:00,2017-11-07 00:00:00+00:00,530,2878,0.2900332560717525,later
106,104967,,RageFuel How the fuck do you guys even leave the house? It's fucking suifuel,"you take 1 or 2 beer with you and leave your house

lol 

i moslty leave for groceries anyways , today i just left because this FUCKING ATM PIECE OF SHIT MACHINE SWALLOWED MY CARD , and i had to clear shit with my bank",6579,86,301125,2021-07-25T19:47:48+00:00,Izayacel,"Blade HatER """,VIPCOSMIC,5.0,"May 5, 2018",26783.0,"time
1d 15h",2021-06-17 12:42:56+00:00,20,[],[],['incelerated'],[31214],2021-06,2021-06-17 12:42:56+00:00,2018-05-05 00:00:00+00:00,1139,5011,0.3068021796363191,later
107,132879,,Plans for today.. Saturday 28 of June.,Gonna load up on Tesla next week. I need a quick 20k.,3859,85,760405,2025-06-29T11:32:41+00:00,RandomGuy,Paragon,VIPCOSMIC,5.0,"Feb 20, 2018",18531.0,"time
1d 10h",2025-06-28 18:06:04+00:00,5,[],[],[],[],2025-06,2025-06-28 18:06:04+00:00,2018-02-20 00:00:00+00:00,2685,3555,0.9087423312883436,later
108,139711,,Jews created the incel epidemic and are responsible for my subhumanes,"Kingmaker Jew

 The man behind the throne.
[attachment=2417]",3859,85,24055,2018-04-20T02:58:40+00:00,RandomGuy,Paragon,VIPCOSMIC,5.0,"Feb 20, 2018",18553.0,"time
1d 12h",2018-02-22 00:00:10+00:00,86,[],[],[],[],2018-02,2018-02-22 00:00:10+00:00,2018-02-20 00:00:00+00:00,2,7,0.0017893660531697342,onboarding
109,19514,,I can't wait until reddit reports us and then our host doesn't do anything,Why are they so desperate to get rid of us? What did we ever do to them?,1350,102,1109,2017-11-11T04:01:47+00:00,tehgymcel420,From Zabbaleen Egypt,VIPCOSMIC,5.0,"Nov 10, 2017",25555.0,"time
3h 45m",2017-11-11 00:30:51+00:00,4,[],[],[],[],2017-11,2017-11-11 00:30:51+00:00,2017-11-10 00:00:00+00:00,1,1,5.707111060381235e-05,onboarding
110,32448,,JFL The amount of incels on r/autism is alarming,she says this in a space for women,6268,96,575795,2024-02-18T18:40:04+00:00,turbocuckcel_7000,‎ ‎ ‎ ‎Yoshika Says: T⭕TAL TR⭕⭕N DE⭕TH,overlord,5.0,"May 2, 2018",35881.0,"time
3d 8h",2024-02-17 23:31:38+00:00,4,[],[],[],[],2024-02,2024-02-17 23:31:38+00:00,2018-05-02 00:00:00+00:00,2117,12953,0.8259788292309654,later
111,95043,,Discussion Does anyone else get anxiety seeing other people cross milestones?,"Why do you compare yourself with a Woman ? 

Of Course she has It better Then you and she gets constant  positive Reinforcments",6579,86,582594,2024-04-04T07:50:08+00:00,Izayacel,"Blade HatER """,VIPCOSMIC,5.0,"May 5, 2018",26755.0,"time
1d 13h",2024-04-04 07:50:08+00:00,10,[],[],[],[],2024-04,2024-04-04 07:50:08+00:00,2018-05-05 00:00:00+00:00,2161,12109,0.7413824771934121,later
112,66689,,"Serious Nobody cares if you are incel, just be yourself","How did you pass the essay to have an account here?

The worst thing about talking to women is the lack of risks they take. They need to be guided like sheep, and then they complain about being mansplained later. They are anxiety inducing.",10247,94,159454,2019-11-22T11:40:25+00:00,SlayerSlayer,The Satoru Iwata of incels.is,admin,5.0,"Jul 10, 2018",25261.0,"time
11h 19m",2019-11-22 07:34:09+00:00,8,[],[],"['Ping And Pong', 'Legendarywristcel']","[22683, 21219]",2019-11,2019-11-22 07:34:09+00:00,2018-07-10 00:00:00+00:00,500,2089,0.10249742407143908,later
113,86754,,Jobs/occupations where it's really easy to get laid,"You can be in the sausage-fest oil industry, but if you have Chad traits, you'll get pussy

You can be a personal trainer surrounded by foids on a daily basis but if you have goblin features ----  ---- you're only sexual company is your hand",12726,88,359526,2022-03-12T19:25:33+00:00,andinocel,Overlord,overlord,5.0,"Aug 18, 2018",5661.0,"time
1h 27m",2022-03-12 13:27:18+00:00,32,[],[],[],[],2022-03,2022-03-12 13:27:18+00:00,2018-08-18 00:00:00+00:00,1302,2174,0.6332653655694728,later
114,74600,,inceldom rotts the brain,"Its such a terrible feeling to have,no matter what medications i take or whatever counseling I get its does not help me in anyway what so ever",4004,92,24810,2018-02-24T22:27:39+00:00,Murdoch89,Foids will have sex with me in hell,overlord,5.0,"Feb 24, 2018",7965.0,"time
2h 45m",2018-02-24 19:05:42+00:00,7,[],[],[],[],2018-02,2018-02-24 19:05:42+00:00,2018-02-24 00:00:00+00:00,0,6,0.0010337698139214334,onboarding
115,122529,,RageFuel How do I stop feeling empathy for foids?,I'm training to uncuck myself,1769,85,420301,2023-02-28T16:29:20+00:00,AsiaCel,shalom goyim,VIPCOSMIC,5.0,"Nov 24, 2017",30106.0,"time
14h 18m",2022-10-18 10:05:50+00:00,4,[],[],['Sennacherib'],[27515],2022-10,2022-10-18 10:05:50+00:00,2017-11-24 00:00:00+00:00,1789,6874,0.3602347762289068,later
116,51916,,LifeFuel OUR NEW MESSIAH: Day in a life of a curry who will never have sex,"its also the best thing He could have done. We need a hero. A champion who lives virtuously, yet is still treated like shit. There is no incel more Christ-like. No incel more blackpilling",10247,94,389050,2024-08-25T14:16:00+00:00,SlayerSlayer,The Satoru Iwata of incels.is,admin,5.0,"Jul 10, 2018",25254.0,"time
11h 1m",2022-07-22 10:40:24+00:00,274,[],[],['roto2'],[7563],2022-07,2022-07-22 10:40:24+00:00,2018-07-10 00:00:00+00:00,1473,11305,0.5546832834502723,later
117,20450,,Cucktears can't get enough of us,"Yep, so far I've seen two of them.",40,100,535,2023-10-08T14:10:49+00:00,ordinaryotaku,Feminists = cultural traitors deserving execution.,VIPCOSMIC,5.0,"Nov 7, 2017",16395.0,"time
10h 36m",2017-11-09 01:51:24+00:00,4,[],[],['kussan'],[None],2017-11,2017-11-09 01:51:24+00:00,2017-11-07 00:00:00+00:00,2,18,0.0021149101163200562,onboarding
118,22772,,Discussion Are most men in fact incel?,"Yes, I think at least half the men in the western world are incels.",40,100,242936,2020-09-19T12:01:58+00:00,ordinaryotaku,Feminists = cultural traitors deserving execution.,VIPCOSMIC,5.0,"Nov 7, 2017",16397.0,"time
10h 49m",2020-09-18 21:32:02+00:00,4,[],[],[],[],2020-09,2020-09-18 21:32:02+00:00,2017-11-07 00:00:00+00:00,1046,5700,0.6697215368346845,later
119,67555,,RageFuel 17 year old commits suicide due to a false rape accusation,I think I would also kill myself if I was falsely accused. I'm surprised that it was a Chad too.,10247,94,135967,2019-08-12T00:01:03+00:00,SlayerSlayer,The Satoru Iwata of incels.is,admin,5.0,"Jul 10, 2018",25261.0,"time
11h 19m",2019-08-03 21:48:07+00:00,8,[],[],[],[],2019-08,2019-08-03 21:48:07+00:00,2018-07-10 00:00:00+00:00,389,1140,0.05593444875128797,later
120,88866,,JFL Ethnic men are realizing that they are losing their women to white men,No I live in the US but there’s a decent number of Colombians where I live,12726,88,68697,2018-08-21T12:11:38+00:00,andinocel,Overlord,overlord,5.0,"Aug 18, 2018",5661.0,"time
1h 27m",2018-08-21 07:39:00+00:00,32,[],[],['ColdLightOfDay'],[5838],2018-08,2018-08-21 07:39:00+00:00,2018-08-18 00:00:00+00:00,3,19,0.005534517914360618,onboarding
121,22354,,Toxic Femininity Subtle IOIs that you are probably missing but that are definite proof that a girl is into you,"Man, I wish I got IOIs! At least I know not to trust any of these whores any time in the future since they don't have any current affection for me.",40,100,272878,2021-01-21T13:51:35+00:00,ordinaryotaku,Feminists = cultural traitors deserving execution.,VIPCOSMIC,5.0,"Nov 7, 2017",16396.0,"time
10h 46m",2021-01-21 07:32:53+00:00,8,[],[],[],[],2021-01,2021-01-21 07:32:53+00:00,2017-11-07 00:00:00+00:00,1171,6108,0.7176594994712725,later
122,131794,,r/short is the new r/incels,"I'd like to join in, but my incel alt is banned from r/short.",1769,85,3781,2017-11-24T10:19:45+00:00,AsiaCel,shalom goyim,VIPCOSMIC,5.0,"Nov 24, 2017",30115.0,"time
15h 15m",2017-11-24 10:19:45+00:00,12,[],[],['chudur-budur'],[None],2017-11,2017-11-24 10:19:45+00:00,2017-11-24 00:00:00+00:00,0,9,0.0004716486741431716,onboarding
123,71398,,What would you choose; being born as a 5/10 woman or a man,I wished I was never born,4004,92,261004,2020-12-07T10:19:56+00:00,Murdoch89,Foids will have sex with me in hell,overlord,5.0,"Feb 24, 2018",7965.0,"time
2h 44m",2020-12-07 10:19:56+00:00,49,[],[],[],[],2020-12,2020-12-07 10:19:56+00:00,2018-02-24 00:00:00+00:00,1017,3288,0.5665058580289456,later
124,11651,,Venting I hate Christmas season,"I hate Christmas, Easter, Halloween... actually I hate every day of the year.",1350,102,159358,2019-12-22T17:24:00+00:00,tehgymcel420,From Zabbaleen Egypt,VIPCOSMIC,5.0,"Nov 10, 2017",25554.0,"time
3h 37m",2019-11-21 23:59:15+00:00,14,[],[],[],[],2019-11,2019-11-21 23:59:15+00:00,2017-11-10 00:00:00+00:00,741,7293,0.4162196096336035,later
125,70673,,Venting I hate people,"Humans deserve to be wiped off the face of the planet, just look at the quintillions of murders they committed against other living things",4004,92,376908,2022-05-22T10:18:49+00:00,Murdoch89,Foids will have sex with me in hell,overlord,5.0,"Feb 24, 2018",7965.0,"time
2h 44m",2022-05-22 10:01:30+00:00,9,[],[],[],[],2022-05,2022-05-22 10:01:30+00:00,2018-02-24 00:00:00+00:00,1548,3980,0.6857339765678843,later
126,85790,,RageFuel Incel trait: Service staff hate you,"I notice that service staff (whether male or female, tbh) are cold towards me, and I think I know why:  in a normies server's mind.. unattractive = poor = shitty tips. 
Interestingly, I noticed shitty attitude from US service staff, where they live off tips; I've been to several countries where tipping is optional and I didn't get the and attitude that American servers give me",12726,88,616151,2024-06-10T18:12:07+00:00,andinocel,Overlord,overlord,5.0,"Aug 18, 2018",5661.0,"time
1h 27m",2024-06-10 00:00:41+00:00,11,[],[],[],[],2024-06,2024-06-10 00:00:41+00:00,2018-08-18 00:00:00+00:00,2123,3075,0.8957180308767841,later
127,35113,,RageFuel I saw a couple kissing and I changed way,if you share an escalator with couples they always do this and stare at you,6268,96,371101,2022-05-01T14:22:28+00:00,turbocuckcel_7000,‎ ‎ ‎ ‎Yoshika Says: T⭕TAL TR⭕⭕N DE⭕TH,overlord,5.0,"May 2, 2018",35892.0,"time
3d 9h",2022-05-01 14:20:46+00:00,9,[],[],[],[],2022-05,2022-05-01 14:20:46+00:00,2018-05-02 00:00:00+00:00,1460,11051,0.7046932789185053,later
128,81729,,RageFuel Girls ignoring messages,What probable cause would an incel have to message a foid?,95,91,136064,2019-08-04T12:42:45+00:00,Angry_runt,Cursed OGcel,VIPCOSMIC,5.0,"Nov 7, 2017",12635.0,"time
2h 1m",2019-08-04 07:55:05+00:00,15,[],[],[],[],2019-08,2019-08-04 07:55:05+00:00,2017-11-07 00:00:00+00:00,635,3622,0.3650105814773758,later
129,20654,,"JFL ""Size Matter's"" Speed Dating for Women That Want To Date Tall Men","Dating past 25 seems like actual hell and this is one such example of it. The women seem to get more jaded and more used up.

Once I reach that point, I would much rather face the barrel of a loaded 12 gauge and pull the trigger than even make verbal contact with these used up Chad leftovers.",40,100,474116,2023-04-08T23:58:15+00:00,ordinaryotaku,Feminists = cultural traitors deserving execution.,VIPCOSMIC,5.0,"Nov 7, 2017",16396.0,"time
10h 39m",2023-04-05 09:05:53+00:00,30,[],[],[],[],2023-04,2023-04-05 09:05:53+00:00,2017-11-07 00:00:00+00:00,1975,7619,0.895194454235695,later
130,88826,,Serious I hate women. But I love my mother,Same,12726,88,68499,2018-08-26T08:59:50+00:00,andinocel,Overlord,overlord,5.0,"Aug 18, 2018",5661.0,"time
1h 27m",2018-08-19 23:51:13+00:00,16,[],[],['TheGoodGuy'],[6247],2018-08,2018-08-19 23:51:13+00:00,2018-08-18 00:00:00+00:00,1,6,0.001747742499271774,onboarding
131,77306,,SuicideFuel I’m the biggest gigasperg AMA,When is Starfield coming out?,95,91,321487,2021-09-28T02:56:19+00:00,Angry_runt,Cursed OGcel,VIPCOSMIC,5.0,"Nov 7, 2017",12635.0,"time
2h 1m",2021-09-28 02:01:20+00:00,2,[],[],[],[],2021-09,2021-09-28 02:01:20+00:00,2017-11-07 00:00:00+00:00,1421,7768,0.782827773858712,later
132,50049,,Theory [4cuck r9k] Self proclaimed 160 IQ super genius' thoughts on inceldom and the blackpill,FUCK I WANNA BULLY HIM SO FUCKING BAD,10247,94,746830,2025-05-20T04:53:59+00:00,SlayerSlayer,The Satoru Iwata of incels.is,admin,5.0,"Jul 10, 2018",25251.0,"time
10h 45m",2025-05-18 08:37:47+00:00,37,[],[],[],[],2025-05,2025-05-18 08:37:47+00:00,2018-07-10 00:00:00+00:00,2504,18020,0.8841568127177273,later
133,81481,,It's Over Even fast food workers treat me like a subhuman,"But friends also bust each other's balls all the time. When it's a stranger it's usually a test of some kind. A well-adjusted and socially savvy person will respond in kind and you may share a laugh or it might escalate. For what it's worth I've never seen that kind of teasing turn into a fight, in most cases it's just how normies talk to other normies. If you can't handle it and ignore it or mumble something, you will lose status in their eyes.",95,91,141972,2019-09-03T08:34:20+00:00,Angry_runt,Cursed OGcel,VIPCOSMIC,5.0,"Nov 7, 2017",12635.0,"time
2h 1m",2019-09-02 07:01:07+00:00,24,[],[],['Inline-g'],[20659],2019-09,2019-09-02 07:01:07+00:00,2017-11-07 00:00:00+00:00,664,3864,0.38939836742920486,later
134,110173,,RageFuel I almost hit the lottery.,just be woman theory,6579,86,59816,2018-07-13T00:14:35+00:00,Izayacel,"Blade HatER """,VIPCOSMIC,5.0,"May 5, 2018",26813.0,"time
1d 16h",2018-07-12 13:36:35+00:00,11,[],[],[],[],2018-07,2018-07-12 13:36:35+00:00,2018-05-05 00:00:00+00:00,68,1132,0.06930753688850792,later
135,44220,,"Women ""working""",america is making military threats because of 5g. it may be over.,6268,96,119827,2019-05-02T01:33:11+00:00,turbocuckcel_7000,‎ ‎ ‎ ‎Yoshika Says: T⭕TAL TR⭕⭕N DE⭕TH,overlord,5.0,"May 2, 2018",35894.0,"time
3d 11h",2019-04-30 20:50:19+00:00,24,[],[],['Vigil'],[16774],2019-04,2019-04-30 20:50:19+00:00,2018-05-02 00:00:00+00:00,363,3031,0.1932789185052927,later
136,88863,,what's your incel checklist?,Mine:,12726,88,68404,2018-08-21T17:59:16+00:00,andinocel,Overlord,overlord,5.0,"Aug 18, 2018",5661.0,"time
1h 27m",2018-08-19 15:55:19+00:00,3,[],[],[],[],2018-08,2018-08-19 15:55:19+00:00,2018-08-18 00:00:00+00:00,1,1,0.00029129041654529564,onboarding
137,88880,,Serious Has anyone ever believed in a religion before?,"I grew up very religiously, but I left the church a while ago. Without saying the name, they're very much into proselytizing. I don't believe in much now, but I sort of believe in reincarnation, and I guess you can call that coping, having the promise of a better life in the next round.",12726,88,68442,2018-08-20T12:30:22+00:00,andinocel,Overlord,overlord,5.0,"Aug 18, 2018",5661.0,"time
1h 27m",2018-08-19 18:45:41+00:00,9,[],[],[],[],2018-08,2018-08-19 18:45:41+00:00,2018-08-18 00:00:00+00:00,1,4,0.0011651616661811825,onboarding
138,107862,,It's Over “Just talk to women” they tell us. This is what happens if you’re not a chad and try to talk to women,"chad matters , else not",6579,86,135946,2019-08-11T05:19:18+00:00,Izayacel,"Blade HatER """,VIPCOSMIC,5.0,"May 5, 2018",26791.0,"time
1d 15h",2019-08-03 21:05:55+00:00,13,[],[],['ThouShallObeyKing'],[19830],2019-08,2019-08-03 21:05:55+00:00,2018-05-05 00:00:00+00:00,455,3010,0.1842894752954142,later
139,138959,,"How the fuck do people believe we're free just cause we're living in a democracy? At work it's still a dictatorship, many other places too etc...","Every government, no matter who controls it, is an instrument of oppression.",3859,85,148806,2019-12-21T13:29:47+00:00,RandomGuy,Paragon,VIPCOSMIC,5.0,"Feb 20, 2018",18553.0,"time
1d 12h",2019-12-21 11:32:35+00:00,16,[],[],[],[],2019-12,2019-12-21 11:32:35+00:00,2018-02-20 00:00:00+00:00,669,754,0.19274028629856851,later
140,7313,,incel trait: you are short eyesighted,How does that damage DNA?,1350,102,301691,2021-07-28T02:54:21+00:00,tehgymcel420,From Zabbaleen Egypt,VIPCOSMIC,5.0,"Nov 10, 2017",25554.0,"time
3h 29m",2021-06-20 20:10:34+00:00,32,[],[],['Copexodius Maximus'],[27690],2021-06,2021-06-20 20:10:34+00:00,2017-11-10 00:00:00+00:00,1318,11368,0.6487843853441388,later
141,2880,,Numales and cucks should be killed,"Cuckolds, white knights, male feminists, men who donate to female streamers, etc. I believe men that beta should be killed.",1350,102,1240,2023-09-11T21:45:26+00:00,tehgymcel420,From Zabbaleen Egypt,VIPCOSMIC,5.0,"Nov 10, 2017",25554.0,"time
3h 29m",2017-11-11 16:11:02+00:00,1,[],[],[],[],2017-11,2017-11-11 16:11:02+00:00,2017-11-10 00:00:00+00:00,1,6,0.0003424266636228741,onboarding
142,137421,,Discussion [Theory] A Four Step Guide on How to Quickly Identify Fakecels on Incels.is,Mexican peasant farmers.,3859,85,345926,2022-01-24T03:57:33+00:00,RandomGuy,Paragon,VIPCOSMIC,5.0,"Feb 20, 2018",18549.0,"time
1d 12h",2022-01-06 23:07:51+00:00,19,[],[],[],[],2022-01,2022-01-06 23:07:51+00:00,2018-02-20 00:00:00+00:00,1416,1622,0.41462167689161555,later
143,70502,,Serious What can a parent do to help an incel?,Not force me to go to school,4004,92,394769,2022-07-30T00:13:16+00:00,Murdoch89,Foids will have sex with me in hell,overlord,5.0,"Feb 24, 2018",7965.0,"time
2h 44m",2022-07-29 10:20:18+00:00,8,[],[],[],[],2022-07,2022-07-29 10:20:18+00:00,2018-02-24 00:00:00+00:00,1616,4158,0.7164024810475534,later
144,139706,,Jews created the incel epidemic and are responsible for my subhumanes,Jew kingmaker - tha man behind the throne.,3859,85,24055,2018-04-20T02:58:40+00:00,RandomGuy,Paragon,VIPCOSMIC,5.0,"Feb 20, 2018",18553.0,"time
1d 12h",2018-02-21 18:38:36+00:00,56,[],[],[],[],2018-02,2018-02-21 18:38:36+00:00,2018-02-20 00:00:00+00:00,1,4,0.0010224948875255625,onboarding
145,41098,,SuicideFuel [Major sui fuel] I lost my phone last week so I couldn’t talk to foids for 3 days and these roasties started freaking out. No girl will ever miss us.,"thought it would be higher, do you think you could make it that high with every surgery known to man?",6268,96,150202,2019-10-12T22:15:17+00:00,turbocuckcel_7000,‎ ‎ ‎ ‎Yoshika Says: T⭕TAL TR⭕⭕N DE⭕TH,overlord,5.0,"May 2, 2018",35894.0,"time
3d 11h",2019-10-11 14:33:46+00:00,35,[],[],['Reddit_is_for_cucks'],[1345],2019-10,2019-10-11 14:33:46+00:00,2018-05-02 00:00:00+00:00,527,5939,0.37871444968753987,later
146,113086,,Serious Foid purposely stand next to me on the train on purpose (some new trend??),"I was standing on the train, when a foid around 30 something years old, began walking to me near the train door. She did that twice.

I was at the door, my usual spot. She stood near me, in the middle of the door, I was at the left corner.

I moved away, like 3 cars away. She resumed to middle of the pole and was looking at the mirror, fixing her hair. (Narcissist)

Then I came back. She did it again.

I'm convinced that I'm inanimate to some foids, or that foids establish dominance towards me and other incels.

Perhaps this is some stupid TikTok trend to screw with incels.",1769,85,747727,2025-05-21T02:42:39+00:00,AsiaCel,shalom goyim,VIPCOSMIC,5.0,"Nov 24, 2017",30102.0,"time
13h 30m",2025-05-20 12:51:56+00:00,1,[],[],[],[],2025-05,2025-05-20 12:51:56+00:00,2017-11-24 00:00:00+00:00,2734,17709,0.9280473744890473,later
147,76428,,How would you be affected by raising the age of consent to 25?,Does it even matter?,95,91,351208,2022-02-13T01:36:18+00:00,Angry_runt,Cursed OGcel,VIPCOSMIC,5.0,"Nov 7, 2017",12635.0,"time
2h 1m",2022-01-31 22:46:43+00:00,1,[],[],[],[],2022-01,2022-01-31 22:46:43+00:00,2017-11-07 00:00:00+00:00,1546,8546,0.8612314824145924,later
148,18282,,Is it possible to be considered attractive as an Arab or middle eastern man?,"No we aren't, the average Egyptian man looks like this.",1350,102,32678,2018-03-31T23:27:10+00:00,tehgymcel420,From Zabbaleen Egypt,VIPCOSMIC,5.0,"Nov 10, 2017",25554.0,"time
3h 37m",2018-03-31 13:11:41+00:00,48,[],[],['MayorOfKekville'],[1252],2018-03,2018-03-31 13:11:41+00:00,2017-11-10 00:00:00+00:00,141,1216,0.06939847049423582,later
149,27987,,"Blackpill An easy, short test that predicts whether a teenager will end up incel later in life","Even though I was one of the more physically built kids in my class, I was always picked last.",40,100,34635,2018-04-08T21:31:35+00:00,ordinaryotaku,Feminists = cultural traitors deserving execution.,VIPCOSMIC,5.0,"Nov 7, 2017",16402.0,"time
11h 4m",2018-04-08 18:13:56+00:00,37,[],[],[],[],2018-04,2018-04-08 18:13:56+00:00,2017-11-07 00:00:00+00:00,152,931,0.1093878510163318,later
150,20904,,Thank God We Moved Out of Reddit,r/Incels was pretty much dying anyways because of the infiltrators from IT and TwoX posting violent shit on throwaways.,40,100,32,2022-10-26T12:39:07+00:00,ordinaryotaku,Feminists = cultural traitors deserving execution.,VIPCOSMIC,5.0,"Nov 7, 2017",16396.0,"time
10h 39m",2017-11-09 01:33:03+00:00,19,[],[],[],[],2017-11,2017-11-09 01:33:03+00:00,2017-11-07 00:00:00+00:00,2,13,0.0015274350840089295,onboarding
151,75830,,The cycle of gymcelling,"I didn't take roids, I liked how my body looked but no girl gave a shit.",95,91,540,2022-10-26T08:38:31+00:00,Angry_runt,Cursed OGcel,VIPCOSMIC,5.0,"Nov 7, 2017",12635.0,"time
2h 1m",2017-11-09 02:06:33+00:00,2,[],[],[],[],2017-11,2017-11-09 02:06:33+00:00,2017-11-07 00:00:00+00:00,2,11,0.0011085357250831401,onboarding
152,68927,,LifeFuel New incel attacker injuries two foids with a crossbow,"What a shame, still a hERo in my eyes",4004,92,739668,2025-04-30T09:20:21+00:00,Murdoch89,Foids will have sex with me in hell,overlord,5.0,"Feb 24, 2018",7965.0,"time
2h 42m",2025-04-29 12:21:00+00:00,18,[],[],[],[],2025-04,2025-04-29 12:21:00+00:00,2018-02-24 00:00:00+00:00,2621,5609,0.9664024810475534,later
153,22868,,Serious Incel trait: you never wash your feet or cut your toenails,I always wash my feet and cut my toenails.,40,100,237939,2020-09-03T16:28:41+00:00,ordinaryotaku,Feminists = cultural traitors deserving execution.,VIPCOSMIC,5.0,"Nov 7, 2017",16397.0,"time
10h 49m",2020-09-03 07:11:58+00:00,10,[],[],[],[],2020-09,2020-09-03 07:11:58+00:00,2017-11-07 00:00:00+00:00,1031,5613,0.6594994712724709,later
154,111256,,RageFuel Accepting truth HOLY TRINITY LMS IS ALL or Cope,All of them,6579,86,41420,2018-05-05T20:25:38+00:00,Izayacel,"Blade HatER """,VIPCOSMIC,5.0,"May 5, 2018",26813.0,"time
1d 16h",2018-05-05 20:07:23+00:00,22,[],[],[],[],2018-05,2018-05-05 20:07:23+00:00,2018-05-05 00:00:00+00:00,0,10,0.0006122573930080206,onboarding
155,74596,,Is anyone planning on killing themselves,Planning on doing it next year when I turn 30,4004,92,24678,2018-03-01T09:15:48+00:00,Murdoch89,Foids will have sex with me in hell,overlord,5.0,"Feb 24, 2018",7965.0,"time
2h 45m",2018-02-25 04:16:03+00:00,21,[],[],[],[],2018-02,2018-02-25 04:16:03+00:00,2018-02-24 00:00:00+00:00,1,8,0.0013783597518952446,onboarding
156,134483,,LDAR NEET shamers are just jealous. Dont listen to them. They would switch their 9/5 for yours IMMEDIATELY if they had the chance...,My NEETbux are saved. Disabled since 2009.,3859,85,577409,2024-02-23T00:59:16+00:00,RandomGuy,Paragon,VIPCOSMIC,5.0,"Feb 20, 2018",18539.0,"time
1d 11h",2024-02-22 15:42:42+00:00,8,[],[],[],[],2024-02,2024-02-22 15:42:42+00:00,2018-02-20 00:00:00+00:00,2193,2943,0.7523006134969326,later
157,129920,,It's Over The true test of whether you have accepted that it is over or not,"The world is a twisted repeating process of natural selection where the strong prevails and the weak perishes. The ultimate blackpill is that after billions of years the whole process will repeat, creatures will be formed slowly.

But liberating the earth for billions of years is better than nothing.",1769,85,100580,2019-01-12T19:59:38+00:00,AsiaCel,shalom goyim,VIPCOSMIC,5.0,"Nov 24, 2017",30111.0,"time
15h 3m",2019-01-12 11:23:34+00:00,5,[],[],[],[],2019-01,2019-01-12 11:23:34+00:00,2017-11-24 00:00:00+00:00,414,1895,0.09930824861125669,later
158,75299,,The high school fuckograph,"There's 189 pink dots and 196 blue dots. If you take into account the number of instances where there are uneven numbers, the total numbers are about the same. The research was done in 2004 and",95,91,564281,2024-01-15T21:54:39+00:00,Angry_runt,Cursed OGcel,VIPCOSMIC,5.0,"Nov 7, 2017",12635.0,"time
2h 1m",2024-01-15 17:29:51+00:00,6,['www.jstor.org'],['https://www.jstor.org/stable/10.1086/386272'],"['IncelGolem', '']","[8044, None]",2024-01,2024-01-15 17:29:51+00:00,2017-11-07 00:00:00+00:00,2260,9389,0.946185629345964,later
159,70395,,Barely anyone knows I exist,Most normies get to know others just through their other friends,4004,92,405071,2022-08-31T16:27:46+00:00,Murdoch89,Foids will have sex with me in hell,overlord,5.0,"Feb 24, 2018",7965.0,"time
2h 44m",2022-08-31 16:27:46+00:00,7,[],[],[],[],2022-08,2022-08-31 16:27:46+00:00,2018-02-24 00:00:00+00:00,1649,4274,0.7363886974500344,later
160,133928,,Blackpill didnt leave my house for about almost 2 weeks,Plenty of ugly people in Walmart .,3859,85,653014,2024-09-07T15:04:50+00:00,RandomGuy,Paragon,VIPCOSMIC,5.0,"Feb 20, 2018",18533.0,"time
1d 11h",2024-09-07 05:25:34+00:00,6,[],[],[],[],2024-09,2024-09-07 05:25:34+00:00,2018-02-20 00:00:00+00:00,2391,3150,0.8052147239263804,later
161,111252,,RageFuel Accepting truth HOLY TRINITY LMS IS ALL or Cope,And black pill* dafuw i came to.blue pill.this one.i.left behind,6579,86,41420,2018-05-05T20:25:38+00:00,Izayacel,"Blade HatER """,VIPCOSMIC,5.0,"May 5, 2018",26813.0,"time
1d 16h",2018-05-05 18:59:04+00:00,2,[],[],[],[],2018-05,2018-05-05 18:59:04+00:00,2018-05-05 00:00:00+00:00,0,1,6.122573930080205e-05,onboarding
162,106920,,SuicideFuel have you become higher inhibit and less assertive overtime?,"the best looking , most degenerate ( ala drug access , tattoo wearing etc ) wealthiest people get their shit in this shithole 

the rest is coping , and delusional.",6579,86,281430,2021-03-12T22:11:41+00:00,Izayacel,"Blade HatER """,VIPCOSMIC,5.0,"May 5, 2018",26783.0,"time
1d 15h",2021-03-04 20:45:01+00:00,21,[],[],['SubhumanAbomination'],[27463],2021-03,2021-03-04 20:45:01+00:00,2018-05-05 00:00:00+00:00,1034,3719,0.22769852445968286,later
163,72080,,"TeeHee I fucked 8 just this year, met a guy on Tinder and tried to push him to friendzone and he got pissed off, and I'm devastated. How to regain confidence",That is just the life of an average woman,4004,92,166532,2019-12-25T18:15:30+00:00,Murdoch89,Foids will have sex with me in hell,overlord,5.0,"Feb 24, 2018",7965.0,"time
2h 44m",2019-12-25 13:29:17+00:00,7,[],[],[],[],2019-12,2019-12-25 13:29:17+00:00,2018-02-24 00:00:00+00:00,669,2611,0.4498621640248105,later
164,64548,,Has the teacher ever told you to sit next to a girl in school and then the girl bursted out in tears?,"yes, there was a Stacey who often had to sit next to me in middle school due to alphabetical naming coincidence, and sitting next to my silent gook ass traumatized her. At the start of every class she would request to change seats immediately.",10247,94,229076,2020-08-06T08:10:43+00:00,SlayerSlayer,The Satoru Iwata of incels.is,admin,5.0,"Jul 10, 2018",25261.0,"time
11h 19m",2020-08-05 04:06:05+00:00,20,[],[],[],[],2020-08,2020-08-05 04:06:05+00:00,2018-07-10 00:00:00+00:00,757,4296,0.2107845542416957,later
165,74581,,BRAZILLIAN MODELS BURNED ALLIVE IN A FERRARI CAR CRASH,No I'm new here,4004,92,26807,2018-03-10T17:32:17+00:00,Murdoch89,Foids will have sex with me in hell,overlord,5.0,"Feb 24, 2018",7965.0,"time
2h 45m",2018-03-05 20:59:54+00:00,44,[],[],[],[],2018-03,2018-03-05 20:59:54+00:00,2018-02-24 00:00:00+00:00,9,11,0.0018952446588559615,onboarding
166,14910,,JFL this test rated pajeet,Drops straight to 0/10 tbh.,1350,102,94692,2018-12-16T02:07:14+00:00,tehgymcel420,From Zabbaleen Egypt,VIPCOSMIC,5.0,"Nov 10, 2017",25554.0,"time
3h 37m",2018-12-14 22:59:14+00:00,17,[],[],['cucktearslol'],[15662],2018-12,2018-12-14 22:59:14+00:00,2017-11-10 00:00:00+00:00,399,4400,0.25111288665677434,later
167,81355,,"Serious What's the best way to make ""redpilled"" failed normies and ""incels in denial"" become blackpilled?","They'll come around on their own if they have half a brain.

Or get them to chadfish after they get btfod on Tinder.",95,91,145406,2019-09-19T01:42:47+00:00,Angry_runt,Cursed OGcel,VIPCOSMIC,5.0,"Nov 7, 2017",12635.0,"time
2h 1m",2019-09-18 08:48:42+00:00,3,[],[],[],[],2019-09,2019-09-18 08:48:42+00:00,2017-11-07 00:00:00+00:00,680,3989,0.40199536430514965,later
168,88871,,SuicideFuel What is the worst type of ethnicity for inceldom?,"And a shy, introverted mestizo (like me) gets cast way at the bottom of the inceldom scale.",12726,88,68464,2018-08-21T04:25:02+00:00,andinocel,Overlord,overlord,5.0,"Aug 18, 2018",5661.0,"time
1h 27m",2018-08-20 17:09:27+00:00,56,[],[],['incel scum'],[1282],2018-08,2018-08-20 17:09:27+00:00,2018-08-18 00:00:00+00:00,2,8,0.002330323332362365,onboarding
169,74589,,Have you guys ever been inlove?,The bitch who I was in love with got me sent to prison,4004,92,26848,2018-03-07T12:35:26+00:00,Murdoch89,Foids will have sex with me in hell,overlord,5.0,"Feb 24, 2018",7965.0,"time
2h 45m",2018-03-05 22:11:01+00:00,31,[],[],[],[],2018-03,2018-03-05 22:11:01+00:00,2018-02-24 00:00:00+00:00,9,18,0.0031013094417643005,onboarding
170,26596,,LifeFuel 16-year-oid foid gets her anal cavity literally destroyed after trying to conduct herself getting anally gangbanged.,Same here.,40,100,101734,2019-01-17T21:59:15+00:00,ordinaryotaku,Feminists = cultural traitors deserving execution.,VIPCOSMIC,5.0,"Nov 7, 2017",16402.0,"time
11h 4m",2019-01-17 19:58:34+00:00,11,[],[],['guaucel'],[2104],2019-01,2019-01-17 19:58:34+00:00,2017-11-07 00:00:00+00:00,436,2213,0.26001644930090473,later
171,78533,,Incel trait: spending the New Year's Eve on incels.co,"Newyearsevecel reporting in.
At least no one knows I spent my every adult new year's eve alone.",95,91,268337,2021-01-03T15:45:13+00:00,Angry_runt,Cursed OGcel,VIPCOSMIC,5.0,"Nov 7, 2017",12635.0,"time
2h 1m",2020-12-31 23:40:53+00:00,9,[],[],[],[],2020-12,2020-12-31 23:40:53+00:00,2017-11-07 00:00:00+00:00,1150,6573,0.6624004837246801,later
172,97786,,test,1 because its uneven,6579,86,470412,2023-03-20T14:58:56+00:00,Izayacel,"Blade HatER """,VIPCOSMIC,5.0,"May 5, 2018",26761.0,"time
1d 14h",2023-03-20 08:26:10+00:00,10,[],[],[],[],2023-03,2023-03-20 08:26:10+00:00,2018-05-05 00:00:00+00:00,1780,10251,0.6276250535725219,later
173,84348,,"JFL Foid columnist asks ""Why are modern men so obssesesd with self-improvement?""",Lower your standards. That is why you're incel.,95,91,66285,2018-08-10T12:49:24+00:00,Angry_runt,Cursed OGcel,VIPCOSMIC,5.0,"Nov 7, 2017",12635.0,"time
2h 1m",2018-08-09 18:42:58+00:00,18,[],[],['TheIncelStaresBack'],[797],2018-08,2018-08-09 18:42:58+00:00,2017-11-07 00:00:00+00:00,275,1053,0.10611710168295878,later
174,121787,,Based Incels are the good guys,"The very same normies who see autists as subhumans, despite the fact that we're more evolved. I wouldn't listen to normfags' biased judgement.",1769,85,491063,2023-06-02T05:11:28+00:00,AsiaCel,shalom goyim,VIPCOSMIC,5.0,"Nov 24, 2017",30105.0,"time
14h 13m",2023-06-02 04:45:28+00:00,3,[],[],['Grim_Reaper'],[48620],2023-06,2023-06-02 04:45:28+00:00,2017-11-24 00:00:00+00:00,2016,9697,0.5081752436851483,later
175,130886,,JFL Kid finds his mom's huge dildo while husband laughs in background.,It's over for dildodadcels,1769,85,81616,2018-10-13T21:05:16+00:00,AsiaCel,shalom goyim,VIPCOSMIC,5.0,"Nov 24, 2017",30113.0,"time
15h 9m",2018-10-12 02:10:45+00:00,45,[],[],['Blacktarpill'],[14509],2018-10,2018-10-12 02:10:45+00:00,2017-11-24 00:00:00+00:00,322,892,0.046745624148412115,later
176,131793,,"I don't watch porn, I just jerk off Instagram pages of girls I know.",I do the same. Have an fake instagram account to follow girls and save fap material.,1769,85,3723,2017-11-24T10:25:34+00:00,AsiaCel,shalom goyim,VIPCOSMIC,5.0,"Nov 24, 2017",30115.0,"time
15h 15m",2017-11-24 10:25:34+00:00,7,[],[],[],[],2017-11,2017-11-24 10:25:34+00:00,2017-11-24 00:00:00+00:00,0,11,0.0005764594906194319,onboarding
177,75427,,Post what horrible things femoids did to you,"In 5th grade a girl punched me in the balls. It was in a full classroom, she was drunk and she thought it was funny. I didn't do anything to her, before or after. The entire class laughed and I ran out bent over and cried.

She now has a wonderful life and three kids and is like a model mom. Her sons are Chadlets and they're into sports and martial arts and you know what they're doing to weaker kids in school.

There is no hope, there never was.",95,91,994,2023-11-12T20:24:06+00:00,Angry_runt,Cursed OGcel,VIPCOSMIC,5.0,"Nov 7, 2017",12635.0,"time
2h 1m",2017-11-11 15:55:35+00:00,28,[],[],[],[],2017-11,2017-11-11 15:55:35+00:00,2017-11-07 00:00:00+00:00,4,19,0.0019147435251436057,onboarding
178,139950,,STAY AWAY11!,He’s doing God’s work.,3859,85,24329,2018-02-23T06:56:59+00:00,RandomGuy,Paragon,VIPCOSMIC,5.0,"Feb 20, 2018",18553.0,"time
1d 12h",2018-02-22 23:46:43+00:00,8,[],[],[],[],2018-02,2018-02-22 23:46:43+00:00,2018-02-20 00:00:00+00:00,2,18,0.004601226993865031,onboarding
179,77885,,Why are pimps always black?,Because whites would look ridiculous.,95,91,296072,2021-05-19T13:51:00+00:00,Angry_runt,Cursed OGcel,VIPCOSMIC,5.0,"Nov 7, 2017",12635.0,"time
2h 1m",2021-05-19 11:42:20+00:00,4,[],[],[],[],2021-05,2021-05-19 11:42:20+00:00,2017-11-07 00:00:00+00:00,1289,7230,0.7286102993046458,later
180,74594,,RageFuel International womens day on thursday,No better day to go ER,4004,92,26932,2018-03-06T17:10:39+00:00,Murdoch89,Foids will have sex with me in hell,overlord,5.0,"Feb 24, 2018",7965.0,"time
2h 45m",2018-03-06 11:55:45+00:00,1,[],[],[],[],2018-03,2018-03-06 11:55:45+00:00,2018-02-24 00:00:00+00:00,10,22,0.003790489317711923,later
181,68257,,women get off on men dying for them,"Fuck, I hate how that movie makes hypergamy seem normal. Nobody ever looked back and called out Rose for being a slut. All they remember is that it was tragic.Tragic that she had the fire of self-preservation to live on to marry betabuxx, yet remember her Chad up to her deathbed.  I say good riddance. A bunch of rich fucks dying an ice cold death aboard the most luxurious boat ever conceived.",10247,94,98260,2019-01-02T03:33:12+00:00,SlayerSlayer,The Satoru Iwata of incels.is,admin,5.0,"Jul 10, 2018",25261.0,"time
11h 19m",2019-01-01 01:43:34+00:00,6,[],[],['Insomniac'],[14776],2019-01,2019-01-01 01:43:34+00:00,2018-07-10 00:00:00+00:00,175,465,0.022815367253814826,later
182,106262,,Based Incel fakes being a tranny to get thrown into prison and rape the female inmates,Based,6579,86,293796,2021-05-04T20:47:39+00:00,Izayacel,"Blade HatER """,VIPCOSMIC,5.0,"May 5, 2018",26783.0,"time
1d 15h",2021-05-04 17:56:16+00:00,9,[],[],[],[],2021-05,2021-05-04 17:56:16+00:00,2018-05-05 00:00:00+00:00,1095,4431,0.2712912508418539,later
183,16121,,Experiment Would you rather be a plane-fapping curry or a street-shitting curry?,Is it because of their huge population or something?,1350,102,63146,2018-07-27T08:45:22+00:00,tehgymcel420,From Zabbaleen Egypt,VIPCOSMIC,5.0,"Nov 10, 2017",25554.0,"time
3h 37m",2018-07-27 05:43:54+00:00,19,[],[],['UBERCEL'],[10007],2018-07,2018-07-27 05:43:54+00:00,2017-11-10 00:00:00+00:00,259,3301,0.18839173610318458,later
184,111172,,Serious why haven't you roped yet?,Going the eliot rodger route and basically walk amok,6579,86,43054,2018-05-13T04:31:27+00:00,Izayacel,"Blade HatER """,VIPCOSMIC,5.0,"May 5, 2018",26813.0,"time
1d 16h",2018-05-12 18:33:14+00:00,42,[],[],['gambler2018'],[527],2018-05,2018-05-12 18:33:14+00:00,2018-05-05 00:00:00+00:00,7,116,0.007102185758893038,later
185,73663,,LifeFuel Women get the respect they deserve,That was in belfast ireland,4004,92,86567,2018-11-11T17:07:16+00:00,Murdoch89,Foids will have sex with me in hell,overlord,5.0,"Feb 24, 2018",7965.0,"time
2h 44m",2018-11-08 01:05:44+00:00,26,[],[],[],[],2018-11,2018-11-08 01:05:44+00:00,2018-02-24 00:00:00+00:00,257,955,0.16454169538249483,later
186,85350,,Do you gymcel?,"My experience is identical, although I wouldn't rely on lifting to give you skill at fighting. I've also been into wrestling and kickboxing for a long time and given the choice, I'd feel safer with an average body and a few months of training/sparring at a fighting gym than with just gym strength and no experience fighting.",95,91,283,2017-11-13T20:24:20+00:00,Angry_runt,Cursed OGcel,VIPCOSMIC,5.0,"Nov 7, 2017",12635.0,"time
2h 1m",2017-11-08 18:24:39+00:00,27,[],[],['Caliban'],[None],2017-11,2017-11-08 18:24:39+00:00,2017-11-07 00:00:00+00:00,1,9,0.0009069837750680237,onboarding
187,19355,,I've decided to give up shaving and haircuts,I look better with a beard because it covers my terrible facial structure and acne scars.,1350,102,11677,2018-01-02T11:04:20+00:00,tehgymcel420,From Zabbaleen Egypt,VIPCOSMIC,5.0,"Nov 10, 2017",25554.0,"time
3h 37m",2018-01-02 04:28:17+00:00,6,[],[],['existentialhack'],[None],2018-01,2018-01-02 04:28:17+00:00,2017-11-10 00:00:00+00:00,53,183,0.01044401324049766,later
188,19980,,lets hope inceltears keeps bashing us,And they're just going to get banned.,40,100,520,2025-04-17T21:24:10+00:00,ordinaryotaku,Feminists = cultural traitors deserving execution.,VIPCOSMIC,5.0,"Nov 7, 2017",16395.0,"time
10h 35m",2017-11-09 01:31:13+00:00,5,[],[],[],[],2017-11,2017-11-09 01:31:13+00:00,2017-11-07 00:00:00+00:00,2,12,0.0014099400775467042,onboarding
189,99148,,"Based If You Don’t Have Atleast 100 Days Online For Every Year You Have Been a Registered User Here, You Are a Fakecel","I have over 13k Posts and when im Not on this Site i Play dmc4 Dante , PSO 2 Till POE becomes fun again , some League and Other random Shit. 

Im a Certificated neetcel tbh",6579,86,423242,2022-12-08T20:05:47+00:00,Izayacel,"Blade HatER """,VIPCOSMIC,5.0,"May 5, 2018",26761.0,"time
1d 14h",2022-10-28 10:05:15+00:00,18,[],[],[],[],2022-10,2022-10-28 10:05:15+00:00,2018-05-05 00:00:00+00:00,1637,8812,0.5395212147186678,later
190,139249,,MGTOW think women are only attracted to money from a man.,What about chad vs. chad? Chad with the most money wins!,3859,85,146684,2019-09-24T12:43:47+00:00,RandomGuy,Paragon,VIPCOSMIC,5.0,"Feb 20, 2018",18553.0,"time
1d 12h",2019-09-24 12:40:44+00:00,29,[],[],[],[],2019-09,2019-09-24 12:40:44+00:00,2018-02-20 00:00:00+00:00,581,589,0.15056237218813906,later
191,136544,,SuicideFuel Juggernaught Law Applies to Men Also: Dwarf Chad Fucks While Us Ugly Manlets Rot!,femoid pet,3859,85,397305,2022-08-07T16:32:33+00:00,RandomGuy,Paragon,VIPCOSMIC,5.0,"Feb 20, 2018",18547.0,"time
1d 12h",2022-08-06 23:57:56+00:00,17,[],[],[],[],2022-08,2022-08-06 23:57:56+00:00,2018-02-20 00:00:00+00:00,1628,2118,0.5414110429447853,later
192,85451,,LifeFuel 2 reasons why I will never kill myself (and why you should never kill yourself too),"I have mixed feelings, tbh.

But I am waiting for my parents to go before I carry anything out - they're the only ones that check on me, and also.... my fucking bullies win - those pieces of shits are all doing good in life now, while I fucking offed myself",12726,88,774349,2025-10-16T01:15:28+00:00,andinocel,Overlord,overlord,5.0,"Aug 18, 2018",5661.0,"time
1h 27m",2025-08-05 02:54:46+00:00,10,[],[],[],[],2025-08,2025-08-05 02:54:46+00:00,2018-08-18 00:00:00+00:00,2544,3349,0.9755316050101952,later
193,47300,,SuicideFuel Females expire at age 20.,"All the shitty processed food, smoking and makeup pretty much ensures they'll only look nice, bright and clear at an early age up to 20 or so, which is when you'll never touch them unless you're 1000% NT, only the coolest most careless dude on the block will take them out while you're letting yourself get browbeaten into ""hitting the books"" by your parents like a fucking moron, only to want to suicide in your 20s when you realise what's happened and that there's no going back.",6268,96,53035,2018-06-17T16:00:19+00:00,turbocuckcel_7000,‎ ‎ ‎ ‎Yoshika Says: T⭕TAL TR⭕⭕N DE⭕TH,overlord,5.0,"May 2, 2018",35896.0,"time
3d 11h",2018-06-16 23:23:25+00:00,30,[],[],[],[],2018-06,2018-06-16 23:23:25+00:00,2018-05-02 00:00:00+00:00,45,14,0.0008927432725417677,onboarding
194,131786,,Describe Your First Negative Experience with a Girl,"I was in some forced course for a membership for job training programs, there are like 8 girls and 2 guys, me and another quietcel. 

The girls were so hyped minded they talked about the popular Korean stars (very popular in my country) but one blackpill that caught my attention. 
-All of them have boyfriends, except me and the male quietcel
-The girl said that she said to her ex: ""If I'm wearing high heels, then you get the fuck off from me, don't he know he's short?""
This was so fucking brutal considering the girl was high heels on was about 5'7.
-A girl and her boyfriend went to the toilet, there were 'sounds of chains moving'

I instantly felt like shit; that was before I know of blackpill. However one time I can't take the girls pressure and wants to go home to skip that class, the girls just laughed at me and called me faking. Very humiliating.

Thinking back, this is the blackpill I received, fuck roasties and their hive bees..",1769,85,3729,2017-11-24T14:47:41+00:00,AsiaCel,shalom goyim,VIPCOSMIC,5.0,"Nov 24, 2017",30115.0,"time
15h 15m",2017-11-24 10:16:29+00:00,24,[],[],[],[],2017-11,2017-11-24 10:16:29+00:00,2017-11-24 00:00:00+00:00,0,7,0.00036683785766691124,onboarding
195,111249,,RageFuel Do Not Open This Thread If You're A Depressed Incel,"Attention clits thats all, they should do porn then so their uaefull to some extend",6579,86,41428,2018-05-05T22:08:50+00:00,Izayacel,"Blade HatER """,VIPCOSMIC,5.0,"May 5, 2018",26813.0,"time
1d 16h",2018-05-05 22:08:35+00:00,28,[],[],[],[],2018-05,2018-05-05 22:08:35+00:00,2018-05-05 00:00:00+00:00,0,14,0.0008571603502112288,onboarding
196,120762,,"Experiment ""Incels never die"" lyrics - any brocels good with AI?",nah man. we are fighting,1769,85,519513,2023-08-27T13:20:53+00:00,AsiaCel,shalom goyim,VIPCOSMIC,5.0,"Nov 24, 2017",30105.0,"time
14h 13m",2023-08-27 03:52:44+00:00,11,[],[],['Lonelyus'],[50068],2023-08,2023-08-27 03:52:44+00:00,2017-11-24 00:00:00+00:00,2102,10657,0.5584844355937533,later
197,74586,,"going to the gym and playing sports beats down your body, making you more depressed","Last time I went was two years ago,only went to it 4 or 5 times,realised it was,nt going to do anything good for me",4004,92,26293,2018-03-07T20:01:00+00:00,Murdoch89,Foids will have sex with me in hell,overlord,5.0,"Feb 24, 2018",7965.0,"time
2h 45m",2018-03-05 21:34:16+00:00,12,[],[],[],[],2018-03,2018-03-05 21:34:16+00:00,2018-02-24 00:00:00+00:00,9,17,0.002929014472777395,onboarding
198,137650,,Discussion Why colombia didn't become SEA ?,"Many sex workers in Columbia see HIV testing as pointless, because they lack access to adequate treatment should they test positive.",3859,85,322591,2021-10-28T00:06:55+00:00,RandomGuy,Paragon,VIPCOSMIC,5.0,"Feb 20, 2018",18551.0,"time
1d 12h",2021-10-03 05:09:46+00:00,5,[],[],[],[],2021-10,2021-10-03 05:09:46+00:00,2018-02-20 00:00:00+00:00,1321,1394,0.3563394683026585,later
199,68692,,Serious Is There a Way to Fight Back Against Virgin Shaming?,"Well who said anyone used the term ""incel"" in any of these situations? You are implying just because people think you are a virgin, they would lump you in with the incel movement. That's pretty worse-case scenario. The problem is that OP even got himself into this entanglement in the first place. Obviously you don't bring up inceldom IRL, unless if it's to some other incel, or some Chad buddy who wouldn't give a shit anyway.

And it's because he doesn't understand the neccessity of masculinity. You hate your fucking life, no friends to cope with? Tough shit, you gotta keep your lips shut and just spill the beans here, that's what this site is for. Spilling spaghetti in uncalled for situations is bitch-ass behavior that invites you to get treated like a bitch.

OP needs to man-up and reinforce toxic masculinity in his own life. The lives we live are not much different than a penitentiary full of rapists sniffing out weak men.",10247,94,59935,2018-07-13T13:49:00+00:00,SlayerSlayer,The Satoru Iwata of incels.is,admin,5.0,"Jul 10, 2018",25261.0,"time
11h 19m",2018-07-13 07:07:51+00:00,40,[],[],['builderseed'],[6620],2018-07,2018-07-13 07:07:51+00:00,2018-07-10 00:00:00+00:00,3,7,0.000343457141455277,onboarding
200,109421,,It's Over [suicide fusl] this is why you are rotting on NYE,trannymax boio,6579,86,98111,2018-12-31T13:59:21+00:00,Izayacel,"Blade HatER """,VIPCOSMIC,5.0,"May 5, 2018",26808.0,"time
1d 16h",2018-12-31 13:59:21+00:00,13,[],[],[],[],2018-12,2018-12-31 13:59:21+00:00,2018-05-05 00:00:00+00:00,240,1831,0.11210432865976856,later
201,49486,,Discussion Do you care about teen love at all?,I MAKE MY HATRED OF WOMEN INTO AN ARTFORM,10247,94,768740,2025-07-29T19:16:58+00:00,SlayerSlayer,The Satoru Iwata of incels.is,admin,5.0,"Jul 10, 2018",25251.0,"time
10h 44m",2025-07-21 11:57:02+00:00,23,[],[],['autistic.goblin'],[79608],2025-07,2025-07-21 11:57:02+00:00,2018-07-10 00:00:00+00:00,2568,18489,0.9071684411952309,later
202,33037,,why do people still cope that you can ascend later in life with younger women,"they also love to piss off men, whenever they get the chance. this can't be understated.

i imagine if you pressed them they would say that a 40 year old man isn't fertile anymore or can't get an erection, just to fuck with you and tick you off.",6268,96,516719,2023-09-28T22:27:15+00:00,turbocuckcel_7000,‎ ‎ ‎ ‎Yoshika Says: T⭕TAL TR⭕⭕N DE⭕TH,overlord,5.0,"May 2, 2018",35890.0,"time
3d 9h",2023-08-18 17:44:15+00:00,27,[],[],['Buried Alive 2.0'],[55616],2023-08,2023-08-18 17:44:15+00:00,2018-05-02 00:00:00+00:00,1934,12389,0.7900140288228542,later
203,139712,,Jews created the incel epidemic and are responsible for my subhumanes,[attachment=2419],3859,85,24055,2018-04-20T02:58:40+00:00,RandomGuy,Paragon,VIPCOSMIC,5.0,"Feb 20, 2018",18553.0,"time
1d 12h",2018-02-22 00:14:56+00:00,93,[],[],[],[],2018-02,2018-02-22 00:14:56+00:00,2018-02-20 00:00:00+00:00,2,8,0.002044989775051125,onboarding
204,79157,,"Anyone so ugly, you wouldn't accept if a girl asked you out?","I'd accept even if I was sure it was some kind of prank. I'd tell her where and when and not to be late, like I got foids asking me out all the time and I'm used to being obeyed.",95,91,238072,2020-09-04T21:42:39+00:00,Angry_runt,Cursed OGcel,VIPCOSMIC,5.0,"Nov 7, 2017",12635.0,"time
2h 1m",2020-09-03 23:21:33+00:00,29,[],[],[],[],2020-09,2020-09-03 23:21:33+00:00,2017-11-07 00:00:00+00:00,1031,6036,0.6082837851456213,later
205,88876,,"She likes to ""travel""",I like to travel = I like to try varieties of dick + I enjoy degenerate activities where no one knows who I am.,12726,88,68703,2018-08-20T22:49:12+00:00,andinocel,Overlord,overlord,5.0,"Aug 18, 2018",5661.0,"time
1h 27m",2018-08-20 21:02:47+00:00,5,[],[],[],[],2018-08,2018-08-20 21:02:47+00:00,2018-08-18 00:00:00+00:00,2,12,0.003495484998543548,onboarding
206,12489,,Story CurryCel story from highschool,Being ethnic is suffering.,1350,102,146249,2019-09-22T22:54:01+00:00,tehgymcel420,From Zabbaleen Egypt,VIPCOSMIC,5.0,"Nov 10, 2017",25554.0,"time
3h 37m",2019-09-22 06:05:01+00:00,4,[],[],[],[],2019-09,2019-09-22 06:05:01+00:00,2017-11-10 00:00:00+00:00,681,6743,0.38483049880150666,later
207,16929,,SuicideFuel JFL @ JBW deniers,"I can't, the racepill destroyed me.",1350,102,48193,2018-05-31T01:42:27+00:00,tehgymcel420,From Zabbaleen Egypt,VIPCOSMIC,5.0,"Nov 10, 2017",25554.0,"time
3h 37m",2018-05-31 01:31:04+00:00,42,[],[],['Profligate'],[4928],2018-05,2018-05-31 01:31:04+00:00,2017-11-10 00:00:00+00:00,202,2565,0.14638739869877868,later
208,128894,,Blackpill No we don't need more women in steam,My browser automatically spellchecks for me. Just right click the red underlined text,1769,85,108503,2019-02-22T19:59:43+00:00,AsiaCel,shalom goyim,VIPCOSMIC,5.0,"Nov 24, 2017",30111.0,"time
15h 2m",2019-02-22 18:33:42+00:00,18,[],[],['GameDevCel'],[17202],2019-02,2019-02-22 18:33:42+00:00,2017-11-24 00:00:00+00:00,455,2954,0.15480557593543653,later
209,68686,,TeeHee Cuck tears made a comic about us,"The takeaway I get is that being our authentic selves on this website can inspire artwork out of IT foids. It validates that our struggle is both valid and interesting. Perhaps for them, it's akin to the fascination one would get from watching baboons fling turds at each other behind a glass. It also reminds us, glaringly, that a FEMALE has absorbed our thoughts in some sense in order to produce this work. She is like Jane Goodall, and we are all apes with a strange yet palpable fascination, or closeted desire that she may be different and want to understand us. BUT SHE PROBABLY HAS A BOYFRIEND AND THEY ARE BOTH LAUGHING AT US.",10247,94,52756,2018-07-16T10:59:00+00:00,SlayerSlayer,The Satoru Iwata of incels.is,admin,5.0,"Jul 10, 2018",25261.0,"time
11h 19m",2018-07-16 10:59:00+00:00,59,[],[],[],[],2018-07,2018-07-16 10:59:00+00:00,2018-07-10 00:00:00+00:00,6,14,0.000686914282910554,onboarding
210,117721,,Big Fuck me.,Do you take jewpills?,1769,85,583872,2024-03-11T02:56:05+00:00,AsiaCel,shalom goyim,VIPCOSMIC,5.0,"Nov 24, 2017",30105.0,"time
14h 6m",2024-03-11 01:38:18+00:00,2,[],[],[],[],2024-03,2024-03-11 01:38:18+00:00,2017-11-24 00:00:00+00:00,2299,13637,0.7146525521433812,later
211,20332,,guide to getting laid for fakecels/volcels (so they can leave this forum),"Nice name snag.

But even if you're a 6-7 you can't get anyone in 2017, being a 6-7 is very difficult for anyone to get a girlfriend unless they had money.

Women approach men who they find to be physically attractive. If you have to approach then it's O V E R.",40,100,531,2024-05-05T16:13:47+00:00,ordinaryotaku,Feminists = cultural traitors deserving execution.,VIPCOSMIC,5.0,"Nov 7, 2017",16395.0,"time
10h 36m",2017-11-09 01:39:40+00:00,2,[],[],[],[],2017-11,2017-11-09 01:39:40+00:00,2017-11-07 00:00:00+00:00,2,14,0.001644930090471155,onboarding
212,91216,,RageFuel 6'4 Chang and his white foid.,Well you got a point lol .,6579,86,771670,2025-10-10T13:41:55+00:00,Izayacel,"Blade HatER """,VIPCOSMIC,5.0,"May 5, 2018",26748.0,"time
1d 12h",2025-10-10 11:47:49+00:00,24,[],[],['TooSomething'],[71805],2025-10,2025-10-10 11:47:49+00:00,2018-05-05 00:00:00+00:00,2715,14721,0.901304108247107,later
213,133545,,Brutal Being an incel in latin america is hell on earth,Island of garbage.,3859,85,685949,2024-12-07T17:17:53+00:00,RandomGuy,Paragon,VIPCOSMIC,5.0,"Feb 20, 2018",18531.0,"time
1d 11h",2024-11-30 18:52:04+00:00,23,[],[],[],[],2024-11,2024-11-30 18:52:04+00:00,2018-02-20 00:00:00+00:00,2475,3315,0.8473926380368099,later
214,17643,,Experiment Poll for incels: What race are you?,"North African, Egyptian.",1350,102,38944,2018-04-25T19:28:02+00:00,tehgymcel420,From Zabbaleen Egypt,VIPCOSMIC,5.0,"Nov 10, 2017",25554.0,"time
3h 37m",2018-04-25 15:47:15+00:00,11,[],[],[],[],2018-04,2018-04-25 15:47:15+00:00,2017-11-10 00:00:00+00:00,166,1876,0.10706540349275197,later
215,8499,,SuicideFuel Feeling like shit about balding,"Some days I cope with it better than others, but it's making me feel like shit now. Even though I know it'll never happen, I dream of one day being able to find some unicorn foid who could look past my inferior ethnic heritage, but what foid could ever look past someone being bald AND ethnic. My chance of ascension went from 0.0000000000000000000000000000000000000000000000000001% to 0%.",1350,102,277162,2021-02-12T05:04:46+00:00,tehgymcel420,From Zabbaleen Egypt,VIPCOSMIC,5.0,"Nov 10, 2017",25554.0,"time
3h 37m",2021-02-12 02:42:16+00:00,1,,,[],[],2021-02,2021-02-12 02:42:16+00:00,2017-11-10 00:00:00+00:00,1190,10550,0.6021002168702203,later
216,19511,,afasf,"Yep, feminism was a mistake. Females need to be put in their place.",1350,102,1322,2017-11-12T00:46:46+00:00,tehgymcel420,From Zabbaleen Egypt,VIPCOSMIC,5.0,"Nov 10, 2017",25555.0,"time
3h 45m",2017-11-12 00:37:05+00:00,20,[],[],[],[],2017-11,2017-11-12 00:37:05+00:00,2017-11-10 00:00:00+00:00,2,11,0.0006277822166419359,onboarding
217,84608,,My hatred towards Normans have intensified,"This is the kind of thing they'd read and laugh. Why give them all that power? They just got our sub banned, but we are still who we are, we found a new home and we can still spread the blackpill everywhere.",95,91,78,2018-06-27T06:17:34+00:00,Angry_runt,Cursed OGcel,VIPCOSMIC,5.0,"Nov 7, 2017",12635.0,"time
2h 1m",2017-11-08 11:58:35+00:00,19,[],[],[],[],2017-11,2017-11-08 11:58:35+00:00,2017-11-07 00:00:00+00:00,1,1,0.0001007759750075582,onboarding
218,4784,,"Just rewatched Mulan, it's pretty blackpilled","I just noticed how Mulan is always trying to peak at Shang, and acts nervous around him. Then when she's bathing in the river and the sub 8 men come along, she is completely disgusted by them.",1350,102,1372,2022-10-07T05:57:43+00:00,tehgymcel420,From Zabbaleen Egypt,VIPCOSMIC,5.0,"Nov 10, 2017",25554.0,"time
3h 29m",2017-11-12 02:06:57+00:00,1,[],[],[],[],2017-11,2017-11-12 02:06:57+00:00,2017-11-10 00:00:00+00:00,2,12,0.0006848533272457482,onboarding
219,28262,,Can goth girls be Stacys?,"Maybe. Some goth girls are incel-tier, while others are worn out after many, many Chad cocks.",40,100,514,2018-02-05T14:06:45+00:00,ordinaryotaku,Feminists = cultural traitors deserving execution.,VIPCOSMIC,5.0,"Nov 7, 2017",16402.0,"time
11h 5m",2017-11-09 01:21:46+00:00,3,[],[],[],[],2017-11,2017-11-09 01:21:46+00:00,2017-11-07 00:00:00+00:00,2,9,0.0010574550581600281,onboarding
220,28832,,nofap is not cope at all,"I masturbate maybe once, maybe twice a month, and it's a HUGE cope.

The more you cope the closer you rope.",40,100,506,2017-11-10T14:53:16+00:00,ordinaryotaku,Feminists = cultural traitors deserving execution.,VIPCOSMIC,5.0,"Nov 7, 2017",16402.0,"time
11h 5m",2017-11-09 01:52:41+00:00,19,[],[],[],[],2017-11,2017-11-09 01:52:41+00:00,2017-11-07 00:00:00+00:00,2,19,0.0022324051227822815,onboarding
221,28056,,Who wants to join the official ********** skype chat?,"I don't want my IP logged by some faggot with Wireshark, nty.",40,100,239,2018-03-14T19:41:57+00:00,ordinaryotaku,Feminists = cultural traitors deserving execution.,VIPCOSMIC,5.0,"Nov 7, 2017",16402.0,"time
11h 4m",2017-11-09 01:44:34+00:00,5,[],[],[],[],2017-11,2017-11-09 01:44:34+00:00,2017-11-07 00:00:00+00:00,2,16,0.0018799201033956056,onboarding
222,59259,,"Once you're past an age where you could go to university, if you don't already have a STEM degree, a shit life awaits you.","you should major in sociology because you deserve to listen to sluts for 4 years straight

STEM is actually easy if you take into consideration that all you need to do is get above a B average. You don't need to be an academic rockstar in STEM just to get a corporate job.",10247,94,272586,2022-01-21T17:17:32+00:00,SlayerSlayer,The Satoru Iwata of incels.is,admin,5.0,"Jul 10, 2018",25257.0,"time
11h 9m",2021-01-19 21:50:17+00:00,25,[],[],['Cafecel'],[32037],2021-01,2021-01-19 21:50:17+00:00,2018-07-10 00:00:00+00:00,924,5699,0.27962317845051765,later
223,22179,,THESE ARE THE MEMBERS OF INCELTEARS!,"Yup, real Chads and Stacies aren't pathetic enough to find an obscure subreddit full of virgins and kick them off.

Just a bunch of sad, fat fucks.",40,100,70,2021-05-05T15:54:11+00:00,ordinaryotaku,Feminists = cultural traitors deserving execution.,VIPCOSMIC,5.0,"Nov 7, 2017",16396.0,"time
10h 42m",2017-11-08 06:59:37+00:00,2,[],[],[],[],2017-11,2017-11-08 06:59:37+00:00,2017-11-07 00:00:00+00:00,1,0,0.0,onboarding
224,29011,,JFL I love not sleeping with my bf,"bitch be like ""i'm on vacation rn""",6268,96,866068,2026-05-04T11:26:26+00:00,turbocuckcel_7000,‎ ‎ ‎ ‎Yoshika Says: T⭕TAL TR⭕⭕N DE⭕TH,overlord,5.0,"May 2, 2018",35879.0,"time
3d 7h",2026-05-04 11:03:25+00:00,36,[],[],[],[],2026-05,2026-05-04 11:03:25+00:00,2018-05-02 00:00:00+00:00,2924,15580,0.9934957275857671,later
225,18608,,Would you beat women if it was socially acceptable?,Don't you think they should be punished if they misbehave?,1350,102,1158,2018-03-18T00:29:09+00:00,tehgymcel420,From Zabbaleen Egypt,VIPCOSMIC,5.0,"Nov 10, 2017",25554.0,"time
3h 37m",2017-11-11 04:24:13+00:00,18,[],[],['commander_zoidberg'],[None],2017-11,2017-11-11 04:24:13+00:00,2017-11-10 00:00:00+00:00,1,5,0.00028535555301906175,onboarding
226,73491,,Biggest chad,Genghis khan,4004,92,103845,2019-01-27T01:30:43+00:00,Murdoch89,Foids will have sex with me in hell,overlord,5.0,"Feb 24, 2018",7965.0,"time
2h 44m",2019-01-27 00:07:12+00:00,9,[],[],[],[],2019-01,2019-01-27 00:07:12+00:00,2018-02-24 00:00:00+00:00,337,1145,0.1972777394900069,later
227,51987,,RageFuel SILICON VALLEY JARED FUCKS,"Ever watch this show and get enraged at the idea that normies wrote this and they think it's a joke that ""Jared fucks?""

OF COURSE HE FUCKS. He's a tall white guy! He's the tallest character in the show! He may be high-inhibition as fuck, but it would be obvious to any truecel that the guy fucks. If anything, it's proof that the Russ Hanneman, as a short betabuxx billionaire-lite, he has the incel eye for the ""real"" alphas and betas in a room.",10247,94,59404,2024-08-12T02:42:38+00:00,SlayerSlayer,The Satoru Iwata of incels.is,admin,5.0,"Jul 10, 2018",25254.0,"time
11h 1m",2018-07-10 13:10:06+00:00,1,[],[],[],[],2018-07,2018-07-10 13:10:06+00:00,2018-07-10 00:00:00+00:00,0,0,0.0,onboarding
228,87450,,Experiment What would soyciety be like if everyone openly acknowledged the blackpill?,"Over several decades to perhaps a century, the world would be a combination of the problems that Japan, Italy, and Spain have -- the globe will be full of LDARs, male suicides (like Japan), and dwindling communities filled with old people (Spain, Italy)",12726,88,258460,2020-11-19T04:53:04+00:00,andinocel,Overlord,overlord,5.0,"Aug 18, 2018",5661.0,"time
1h 27m",2020-11-16 03:03:34+00:00,16,[],[],[],[],2020-11,2020-11-16 03:03:34+00:00,2018-08-18 00:00:00+00:00,821,1482,0.43169239732012815,later
229,59635,,Advise from a new member,are you a 12 year old girl? Get the fuck out of here,10247,94,342392,2021-12-25T16:15:34+00:00,SlayerSlayer,The Satoru Iwata of incels.is,admin,5.0,"Jul 10, 2018",25257.0,"time
11h 10m",2021-12-24 00:49:03+00:00,83,[],[],['SuperSaiyan'],[39785],2021-12,2021-12-24 00:49:03+00:00,2018-07-10 00:00:00+00:00,1263,9338,0.4581718267013395,later
230,66008,,Serious my sister had an abortion,"Your sister is a whore, but she did the right thing by not spawning Chad's incel bastard son",10247,94,177515,2020-02-11T18:01:40+00:00,SlayerSlayer,The Satoru Iwata of incels.is,admin,5.0,"Jul 10, 2018",25261.0,"time
11h 19m",2020-02-11 17:24:40+00:00,43,[],[],[],[],2020-02,2020-02-11 17:24:40+00:00,2018-07-10 00:00:00+00:00,581,2794,0.13708846474657768,later
231,85345,,Lindybeige on whether he'd like an ugly long life?,[video=youtube]https://www.youtube.com/watch?v=aWK5lMgWHwI[/video],95,91,1947,2017-11-14T21:34:31+00:00,Angry_runt,Cursed OGcel,VIPCOSMIC,5.0,"Nov 7, 2017",12635.0,"time
2h 1m",2017-11-14 21:12:07+00:00,1,[],[],[],[],2017-11,2017-11-14 21:12:07+00:00,2017-11-07 00:00:00+00:00,7,55,0.005542678625415701,later
232,47076,,Threatened by MiniChad while checking out Stacie,only hobos/drunks can see me,6268,96,60351,2018-07-16T23:12:29+00:00,turbocuckcel_7000,‎ ‎ ‎ ‎Yoshika Says: T⭕TAL TR⭕⭕N DE⭕TH,overlord,5.0,"May 2, 2018",35896.0,"time
3d 11h",2018-07-15 09:58:12+00:00,25,[],[],['mylifeistrash'],[2459],2018-07,2018-07-15 09:58:12+00:00,2018-05-02 00:00:00+00:00,74,231,0.014730263996939165,later
233,74089,,RageFuel Women and Smartphones,"I hate steve jobs for creating them,glad that he is dead",4004,92,53951,2018-06-20T00:58:16+00:00,Murdoch89,Foids will have sex with me in hell,overlord,5.0,"Feb 24, 2018",7965.0,"time
2h 44m",2018-06-20 00:58:16+00:00,16,[],[],[],[],2018-06,2018-06-20 00:58:16+00:00,2018-02-24 00:00:00+00:00,116,535,0.09217780840799449,later
234,53608,,Blackpill Why do black incels not exist?,they are watchin DBZ coping with sneakers,10247,94,558002,2023-12-29T02:48:36+00:00,SlayerSlayer,The Satoru Iwata of incels.is,admin,5.0,"Jul 10, 2018",25254.0,"time
11h 1m",2023-12-28 05:39:11+00:00,26,[],[],[],[],2023-12,2023-12-28 05:39:11+00:00,2018-07-10 00:00:00+00:00,1997,14847,0.7284725970266425,later
235,23048,,"News A female Harvard grad loses her analyst position at Deloitte after joking about stabbing individuals who say ""All Lives Matter""",Based. Soyciety needs to be less lenient on holes who do this shit.,40,100,219237,2020-08-10T09:01:34+00:00,ordinaryotaku,Feminists = cultural traitors deserving execution.,VIPCOSMIC,5.0,"Nov 7, 2017",16397.0,"time
10h 49m",2020-07-02 06:35:25+00:00,13,[],[],[],[],2020-07,2020-07-02 06:35:25+00:00,2017-11-07 00:00:00+00:00,968,5199,0.6108565385971096,later
236,131781,,How has finding /r/incels and this forum helped you? Was it good or bad?,Gives me a place to vent with like minded people and the free speech is high.,1769,85,3738,2017-11-24T18:20:53+00:00,AsiaCel,shalom goyim,VIPCOSMIC,5.0,"Nov 24, 2017",30115.0,"time
15h 15m",2017-11-24 09:46:21+00:00,21,[],[],[],[],2017-11,2017-11-24 09:46:21+00:00,2017-11-24 00:00:00+00:00,0,0,0.0,onboarding
237,69704,,Theory Do Women Have an Incel Fetish?,Timothy McVeigh the Oklahoma bomber,4004,92,465321,2023-05-02T04:05:29+00:00,Murdoch89,Foids will have sex with me in hell,overlord,5.0,"Feb 24, 2018",7965.0,"time
2h 44m",2023-03-05 06:55:45+00:00,61,[],[],[],[],2023-03,2023-03-05 06:55:45+00:00,2018-02-24 00:00:00+00:00,1835,4828,0.8318401102687801,later
238,88882,,RageFuel Women have never treated me like a person.,"Women treat me like some humanoid alien thing --- close enough to interact with, but not close enough to form a sexual relationship with. Chads are nice in a patronizing way. Random foids look right through me. Foid co-workers discuss their sex lives and bodily functions in the open as if I was some animal that won't comprehend and hence won't feel embarrassment.",12726,88,68445,2018-08-19T19:48:07+00:00,andinocel,Overlord,overlord,5.0,"Aug 18, 2018",5661.0,"time
1h 27m",2018-08-19 18:58:32+00:00,9,[],[],[],[],2018-08,2018-08-19 18:58:32+00:00,2018-08-18 00:00:00+00:00,1,5,0.0014564520827264782,onboarding
239,131787,,my mom can't undestand my ''mental illness',"Therapy is useless. It was just expensive and waste of time. It's just like punching a punching bag. You're pretty much venting to a 'psychologist' who either does nothing or gives blue pill advises. Mine did nothing.

Well at least my school gets to fundcuck for my 'therapy' and I get to skip some classes.

You're better off venting on incel forums.",1769,85,3755,2017-11-24T14:47:19+00:00,AsiaCel,shalom goyim,VIPCOSMIC,5.0,"Nov 24, 2017",30115.0,"time
15h 15m",2017-11-24 10:42:15+00:00,7,[],[],[],[],2017-11,2017-11-24 10:42:15+00:00,2017-11-24 00:00:00+00:00,0,13,0.0006812703070956923,onboarding
240,131791,,Chad is fucking stacy right now while you're jerking off,I'm watching less PIV porn nowadays because of this.,1769,85,3734,2017-11-24T12:30:49+00:00,AsiaCel,shalom goyim,VIPCOSMIC,5.0,"Nov 24, 2017",30115.0,"time
15h 15m",2017-11-24 10:51:03+00:00,7,[],[],[],[],2017-11,2017-11-24 10:51:03+00:00,2017-11-24 00:00:00+00:00,0,17,0.000890891940048213,onboarding
241,132898,,SuicideFuel I am like a stinking vermin rat,Jew monopoly,3859,85,751281,2025-06-22T07:58:51+00:00,RandomGuy,Paragon,VIPCOSMIC,5.0,"Feb 20, 2018",18531.0,"time
1d 10h",2025-05-31 20:32:44+00:00,17,[],[],['antisocialcel'],[75424],2025-05,2025-05-31 20:32:44+00:00,2018-02-20 00:00:00+00:00,2657,3522,0.9003067484662577,later
242,139710,,Jews created the incel epidemic and are responsible for my subhumanes,"When (((they))) spend 100s of millions promoting feminism/Islamophobia worldwide, it should be of concern. The Clarion Project is just one. Don’t be a goycel.",3859,85,24055,2018-04-20T02:58:40+00:00,RandomGuy,Paragon,VIPCOSMIC,5.0,"Feb 20, 2018",18553.0,"time
1d 12h",2018-02-21 23:52:42+00:00,81,[],[],['Garbage'],[None],2018-02,2018-02-21 23:52:42+00:00,2018-02-20 00:00:00+00:00,1,6,0.0015337423312883436,onboarding
243,119864,,Discussion media with an accurate cel character?,"Not incel but common among incels.

Pvt Pyle from full metal jacket is pretty similar. He was not strictly incel, but he, when forced into a high pressure environment (the military) simply can't cope and because he constantly failed his teammates, he was beaten for it. Finally, he snapped and shot the drill sergeant with a M14 then suicided.",1769,85,541650,2023-11-04T19:58:14+00:00,AsiaCel,shalom goyim,VIPCOSMIC,5.0,"Nov 24, 2017",30105.0,"time
14h 7m",2023-11-04 07:43:26+00:00,8,[],[],[],[],2023-11,2023-11-04 07:43:26+00:00,2017-11-24 00:00:00+00:00,2171,11519,0.6036578974950215,later
244,88881,,Serious What is the general political party of incels?,"Authoritarian. My ideal would be between Singaporean orderliness and a ""UAE-lite"", socially conservative society.

I was a bleeding heart leftist liberal for years, until I woke up and realized that this is the type of society sluts thrive in.",12726,88,68281,2018-08-20T00:36:42+00:00,andinocel,Overlord,overlord,5.0,"Aug 18, 2018",5661.0,"time
1h 27m",2018-08-19 02:43:18+00:00,39,[],[],[],[],2018-08,2018-08-19 02:43:18+00:00,2018-08-18 00:00:00+00:00,1,0,0.0,onboarding
245,88770,,Experiment why white men and white woman are so different?,Because white foids are worshiped and they know it. They can fuck everything up in life and they'll find some cuck to rescue them.,12726,88,71597,2018-09-02T21:56:06+00:00,andinocel,Overlord,overlord,5.0,"Aug 18, 2018",5661.0,"time
1h 27m",2018-09-02 19:43:27+00:00,8,[],[],[],[],2018-09,2018-09-02 19:43:27+00:00,2018-08-18 00:00:00+00:00,15,115,0.033498397902709004,later
246,2884,,JFL Fousytube gets canceled for claiming to have had sex with a white foid,What he even do bad here?,1350,102,519083,2023-09-11T17:38:15+00:00,tehgymcel420,From Zabbaleen Egypt,VIPCOSMIC,5.0,"Nov 10, 2017",25554.0,"time
3h 29m",2023-08-26 06:30:41+00:00,6,[],[],['sultryloser'],[54091],2023-08,2023-08-26 06:30:41+00:00,2017-11-10 00:00:00+00:00,2115,15155,0.8649126812007761,later
247,73911,,LifeFuel Two women stabbed by 27 year old man,no in critical condition,4004,92,68414,2018-08-19T16:42:26+00:00,Murdoch89,Foids will have sex with me in hell,overlord,5.0,"Feb 24, 2018",7965.0,"time
2h 44m",2018-08-19 16:26:52+00:00,4,[],[],['Spite'],[9769],2018-08,2018-08-19 16:26:52+00:00,2018-02-24 00:00:00+00:00,176,711,0.12250172294968988,later
248,63841,,Venting It's cringe to see inceldom described without our jargon,"you know, I really wish I can replace those normie emoticons with the pepe emoticons on my cell phone . . . I feel like incels have made great contributions to the English language, and it's only inevitable more of our jargon will end up on Merriam-Websters",10247,94,255431,2020-11-04T14:56:32+00:00,SlayerSlayer,The Satoru Iwata of incels.is,admin,5.0,"Jul 10, 2018",25261.0,"time
11h 19m",2020-11-04 10:54:34+00:00,6,[],[],['ThoughtfulCel'],[21221],2020-11,2020-11-04 10:54:34+00:00,2018-07-10 00:00:00+00:00,848,5018,0.24620970511751142,later
249,88541,,Serious Why do some people here think rape is ok?,"I don’t advocate rape, but I am skeptical of rape claims. 
too many times, a drunk foid wakes up one morning and realized the dude she fucked wasn’t as attractive as he seemed the night before, so she says “I was raped”.
If she’s pregnant but doesn’t know who the dad is because she was in a gangbang —- “I was gang raped”
The laws are fucked against men; rape shield laws allow a foid claiming rape to remain anonymous, which screws his defense",12726,88,94468,2018-12-19T17:51:03+00:00,andinocel,Overlord,overlord,5.0,"Aug 18, 2018",5661.0,"time
1h 27m",2018-12-14 17:13:20+00:00,82,[],[],[],[],2018-12,2018-12-14 17:13:20+00:00,2018-08-18 00:00:00+00:00,118,348,0.10136906495776289,later
250,31058,,SuicideFuel My mom is starting to charge me rent,"very interesting reality you're living man, but there was really no reason to tell them how much it's worth",6268,96,733515,2025-05-18T21:37:28+00:00,turbocuckcel_7000,‎ ‎ ‎ ‎Yoshika Says: T⭕TAL TR⭕⭕N DE⭕TH,overlord,5.0,"May 2, 2018",35879.0,"time
3d 7h",2025-04-10 17:34:56+00:00,6,[],[],[],[],2025-04,2025-04-10 17:34:56+00:00,2018-05-02 00:00:00+00:00,2535,13975,0.8911490881265145,later
251,111258,,RageFuel Accepting truth HOLY TRINITY LMS IS ALL or Cope,"Im at the same episode, seems like a slice of life thing emotional clit gets propably.her emotions back and meets her chad
..",6579,86,41420,2018-05-05T20:25:38+00:00,Izayacel,"Blade HatER """,VIPCOSMIC,5.0,"May 5, 2018",26813.0,"time
1d 16h",2018-05-05 20:13:33+00:00,26,[],[],[],[],2018-05,2018-05-05 20:13:33+00:00,2018-05-05 00:00:00+00:00,0,12,0.0007347088716096247,onboarding
252,22085,,Blackpill Incel trait: You were undemanding (mature) as a child,"I was demanding when I was real little, but after I turned 5 or so, all I wanted to do was read books, play video games, and play with Hot Wheels and Matchbox cars.",40,100,303261,2021-06-28T22:04:46+00:00,ordinaryotaku,Feminists = cultural traitors deserving execution.,VIPCOSMIC,5.0,"Nov 7, 2017",16396.0,"time
10h 42m",2021-06-28 03:29:52+00:00,22,[],[],[],[],2021-06,2021-06-28 03:29:52+00:00,2017-11-07 00:00:00+00:00,1329,6360,0.7472682410997532,later
253,131770,,How long is your penis?,5-6. My dick is 4 inches NPEL because fatcel; planning to exercisecel soon.,1769,85,3786,2017-11-25T10:54:07+00:00,AsiaCel,shalom goyim,VIPCOSMIC,5.0,"Nov 24, 2017",30115.0,"time
15h 15m",2017-11-24 10:23:12+00:00,16,[],[],[],[],2017-11,2017-11-24 10:23:12+00:00,2017-11-24 00:00:00+00:00,0,10,0.0005240540823813018,onboarding
254,50737,,"Serious Hey incels, we need to talk about consent, so listen to this TED talk",I INSIST YOU WATCH EVERY SECOND,10247,94,717771,2025-03-02T20:00:25+00:00,SlayerSlayer,The Satoru Iwata of incels.is,admin,5.0,"Jul 10, 2018",25252.0,"time
10h 54m",2025-02-25 08:49:30+00:00,4,[],[],['Animecel2D'],[3107],2025-02,2025-02-25 08:49:30+00:00,2018-07-10 00:00:00+00:00,2422,17384,0.8529512781512193,later
255,87548,,JFL If we ever needed more proof most women are absolutely braindead,"""Like for fucks sake, I'm trying to figure out who you are so that I can love you to the best of my ability""
As opposed to loving him for his actions, loyalty, and character, you stupid bitch?",12726,88,245351,2020-09-26T21:54:13+00:00,andinocel,Overlord,overlord,5.0,"Aug 18, 2018",5661.0,"time
1h 27m",2020-09-26 17:20:52+00:00,15,[],[],[],[],2020-09,2020-09-26 17:20:52+00:00,2018-08-18 00:00:00+00:00,770,1381,0.4022720652490533,later
256,56648,,Brutal American Pie ruined my life,"that's why it's so dangerous though. It really does sell the joy of teenaged American white sex as a normal experience. And it IS normal for Chads, and Chads and white normies of that time will all say it's realistic-- it IS realistic for these men. Like it's not like a Steven Segal flick where it IS obviously unrealistic for one old ponytail man to beat up 60 men with his fist. The experience of American Pie is BELIEVEABLE, because the things that happen in the film are everyday suburbia.

 These films makes you really believe that Chads are normal people,  and as a consequence of you not living to the sexual accomplishments of the men in this film-- you in turn, feel like absolute shit. You feel like SHIT cause you are not tall, white, NT- with a pack of bros encouraging you to score, with beautiful women everywhere. Women know you are not tall, white, and NT like the men in this film, and you're just out of place.

You can't even undo how it warps your fucking mind in how you see women and relationships. The film pedestalizes holes in the worst ways, and encourages impossible to achieve sport fucking. It makes it clear as day that women are just fuckhole sexual gatekeeper antagonists and not real people  . I really do WISH I could see women as human beings-- but I just can't, I want their pussy too bad. I cant undo the pussy as celestial trophy indoctrination the film champions. The film just makes you want to FUCK like a nightmare.

The worst part about the film is the hypocrisy-- there is an ""attempt"" to make Stiffler the bad guy, there is an ""attempt"" at them trying to teach a lesson to not be like Stiffler, but all along the way the film always hands out pussy as some kind of REWARD for people that play the game the best that's just JEWISH TRICKERY. Everyone, audience, and writers know, Stiffler is the heart of this franchise, and it's done with a big wink to fool the idiots that grasp at straws for the moralfaggotry in everything. And the end of the day, it's a kind of pornography, that's worse than actual honest pornography because it masks itself as some kind of legitimate film, when it isn't. At least with porn, it's a lot more clearly unrealistic. But functionally American Pie and vanilla porn are the same thing-- you really DO just watch it for the tits and male power fantasy. American Pie certainly has a very strong and judgmental point of view about male virgins being losers that's hard to shake off-- but honest porn NEVER insults it's own audience.  And for short ethnic men particularly, this film is about as realistic as a Bond flick.

And you're just STUCK in this mindset, it's hard, because the ideals the film sets is so heavenly. I and other short ethnics  will always yearn for this style of american white teen sex that we've  already failed to achieve. It's better to just NOT KNOW ANYTHING AT ALL about the sex lives of people better than you.",10247,94,423699,2022-11-04T23:49:08+00:00,SlayerSlayer,The Satoru Iwata of incels.is,admin,5.0,"Jul 10, 2018",25257.0,"time
11h 8m",2022-11-01 00:07:40+00:00,38,[],[],['superb'],[45647],2022-11,2022-11-01 00:07:40+00:00,2018-07-10 00:00:00+00:00,1575,12033,0.5904028261616211,later
257,68695,,What is the worst place to live in as an incel?,"The USA, specifically: San Faggot-cisco, in fact, the whole Silicone-Valley GAY-area, is a with a small but loud contingent of politically powerful man-hating dyke heathens who openly hate the incel programmer elves who mostly populate the area now, as they jack up rent, insofar that being a Kumbaya poetry teacher who works 3 hours a week will no longer pay the bills. 

I consider these incel elves the backbone of the US economy, as they churn out our nation's tech toys for Santa Chad techbro billionaires who do don't even fucking work or program, they just tell what these elves what to do on a business trip, and then fly out of that shithole to have cocaine filled polyamourous Burning Man parties on their 10,000 foot yacht off the coast of Marbella- and then write a book about how Stoicism makes them feel better. Pretty soylent green, that SF incel programmers love to lap up the insincere wisdom of their Chad techbro masters, but I digress.


The GAY-area is a miserable fucking experience. Even if you are making 150,000+, that is NEETbux tantamount to being able to precisefly afford sharing a room with 10 other pajeets buttfucking each other in a one bedroom apartment. It's a shithole where you literally whore yourself for cash, then leave. Living there long-term, the incels are so deluded they think they need to become a literal billionaire to ascend. They are locationcelled, so they are probably right. This vicious rat race perpetuates the new cycle of psychotic greed: it's not found just in Wall Street, it's at Stanford baby.",10247,94,59900,2018-07-13T11:50:52+00:00,SlayerSlayer,The Satoru Iwata of incels.is,admin,5.0,"Jul 10, 2018",25261.0,"time
11h 19m",2018-07-13 06:35:25+00:00,26,[],[],[],[],2018-07,2018-07-13 06:35:25+00:00,2018-07-10 00:00:00+00:00,3,4,0.00019626122368872969,onboarding
258,42965,,LDAR How my attempt to  be active citizen and stand in protest against militarisation failed thanks too stoopid teenie girlie,NO!,6268,96,132226,2019-07-16T15:16:57+00:00,turbocuckcel_7000,‎ ‎ ‎ ‎Yoshika Says: T⭕TAL TR⭕⭕N DE⭕TH,overlord,5.0,"May 2, 2018",35894.0,"time
3d 11h",2019-07-16 14:51:28+00:00,9,[],[],[''],[None],2019-07,2019-07-16 14:51:28+00:00,2018-05-02 00:00:00+00:00,440,4256,0.27139395485269735,later
259,128125,,Experiment Recessed Chin Jawless foids are disgusting,"I really hate foids with recessed chin, but that's not the main issue. JAWLESS FOIDS ARE THE FUCKING WORSE.

Those pathetic skull creatures shouldn't reproduce and create new generation of incels. If she was born a man she would have roped long time ago.

She is probably fucking chad with sharp jawline and wide chin while we are rotting

Foids without jaw and chin are subhumans. I've seen many of them. Yes they're not even bloated or fat.

Given a chance, would I fuck a JL RC foid? Sure but I won't fucking reproduce with her

On the other hand I don't hate jawless RC men, I admire em for their courage and dedication in life that they have made it that far without roping. Those people while lacking in looks have good reproductive quality in IQ and brains.",1769,85,116375,2019-04-09T07:05:20+00:00,AsiaCel,shalom goyim,VIPCOSMIC,5.0,"Nov 24, 2017",30111.0,"time
15h 2m",2019-04-08 08:16:29+00:00,1,[],[],[],[],2019-04,2019-04-08 08:16:29+00:00,2017-11-24 00:00:00+00:00,500,3692,0.1934807672151766,later
260,68684,,"Serious Do you consider yourself ""entitled"" to sex?","Incels that actually feel ENTITLED to sex piss me off. We should strive to be nobler in spirit. To feel that entitlement is no different than some slut feeling she's entitled to a 6'4"" CHAD.",10247,94,60776,2018-07-16T12:02:01+00:00,SlayerSlayer,The Satoru Iwata of incels.is,admin,5.0,"Jul 10, 2018",25261.0,"time
11h 19m",2018-07-16 10:11:31+00:00,3,[],[],[],[],2018-07,2018-07-16 10:11:31+00:00,2018-07-10 00:00:00+00:00,6,12,0.0005887836710661891,onboarding
261,111255,,RageFuel Accepting truth HOLY TRINITY LMS IS ALL or Cope,Here in ger you learn english since grade 3 ususally your at the age of 8 by then so yea its gotten pretty easy by now to.unterstand everything,6579,86,41420,2018-05-05T20:25:38+00:00,Izayacel,"Blade HatER """,VIPCOSMIC,5.0,"May 5, 2018",26813.0,"time
1d 16h",2018-05-05 19:50:44+00:00,17,[],[],[],[],2018-05,2018-05-05 19:50:44+00:00,2018-05-05 00:00:00+00:00,0,8,0.0004898059144064164,onboarding
262,137992,,Blackpill Wageslaving is the most cucked thing imaginable,"I havent physically worked since 1995. Too busy investing and enjoying hobbies while others slave more until old age. The trick is to work very hard long hours when young and save as much as possible to get that problem out of the way, pronto.

When I wasn’t invited to prom and the parties, 500$/hr. sufficed back then.",3859,85,299404,2021-08-12T23:29:50+00:00,RandomGuy,Paragon,VIPCOSMIC,5.0,"Feb 20, 2018",18551.0,"time
1d 12h",2021-06-08 12:31:21+00:00,10,[],[],[],[],2021-06,2021-06-08 12:31:21+00:00,2018-02-20 00:00:00+00:00,1204,1195,0.30547034764826175,later
263,87950,,Blackpill Sex havers vs Incels (A death toll perspective),"Based.

It's simple --- higher T, more sexual activity....also a result of higher T, more prone to violent behavior. 

The Chad that'll pick a fight with you in a bar for a stupid reason has no problems getting his dick wet. The Tyrone that punches you in the back of the head because you refused to give him spare change very likely has 2-3 kids from different baby mama's
Whereas most Incels are just rotting in their rooms, bothering no one. Yet normies focus on the few cases of incels losing their shit, when in reality that kind of behavior from incels is extremely rare.",12726,88,181843,2020-02-26T23:41:21+00:00,andinocel,Overlord,overlord,5.0,"Aug 18, 2018",5661.0,"time
1h 27m",2020-02-26 13:14:43+00:00,13,[],[],[],[],2020-02,2020-02-26 13:14:43+00:00,2018-08-18 00:00:00+00:00,557,958,0.27905621905039324,later
264,138302,,Discussion Why do ugly fat white women feel entitled to tyrones?,"She thicc, not really obese.",3859,85,215852,2020-06-20T21:19:53+00:00,RandomGuy,Paragon,VIPCOSMIC,5.0,"Feb 20, 2018",18551.0,"time
1d 12h",2020-06-20 21:17:00+00:00,16,[],[],[],[],2020-06,2020-06-20 21:17:00+00:00,2018-02-20 00:00:00+00:00,851,1080,0.27607361963190186,later
265,19515,,Indian women are the filthiest of Allah's creatures,"They are the ugliest females, but are as entitled as any other femoid.",1350,102,998,2017-11-11T03:28:02+00:00,tehgymcel420,From Zabbaleen Egypt,VIPCOSMIC,5.0,"Nov 10, 2017",25555.0,"time
3h 45m",2017-11-11 00:26:19+00:00,18,[],[],[],[],2017-11,2017-11-11 00:26:19+00:00,2017-11-10 00:00:00+00:00,1,0,0.0,onboarding
266,68690,,Serious Is There a Way to Fight Back Against Virgin Shaming?,"Do you think it would work if you just politely told them not to bully you? It's usually virtue-signalers that are the bullies nowadays, so they might feel ashamed to realize they are punching down.

Along the same lines, maybe a tag like ""what are you gonna do next, give me a swirly, and titty-twister? I could use a good titty-twister in lieu of sex (if the bully is thot female) . . . """,10247,94,59935,2018-07-13T13:49:00+00:00,SlayerSlayer,The Satoru Iwata of incels.is,admin,5.0,"Jul 10, 2018",25261.0,"time
11h 19m",2018-07-13 06:08:24+00:00,36,[],[],[],[],2018-07,2018-07-13 06:08:24+00:00,2018-07-10 00:00:00+00:00,3,3,0.00014719591776654728,onboarding
267,85261,,But why don't you guys go for fat/ugly girls?,"Let's say there's 100 guys and 100 girls.

Top 5 best looking guys will have the top 25 girls banging them or holding out for them.

That leaves 95 guys competing over 75 girls. Not bad odds, but the next top 5 best looking guys will be banging maybe 15 top remaining girls.

That leaves 90 guys competing over 60 girls. Still not horrible odds, but the next top 10 best looking guys will be banging maybe 20 top remaining girls.

This leaves 80 guys (sub-8) competing over 40 girls. I'm assuming not many of those girls will tolerate sharing sub-8 guys, so let's assume it's all monogamy for 80 guys and 40 girls, and let's disregard that two sub-8 guys might have to share a 4/10 girl.

The thing is when there's such competition in a buyer's market, the criteria get higher. The women are not attracted to sub-8 guys so not only will they get inferior experience from the girls who have to settle for them, they will have to offer other things like betabux or have some amazing talent at something or just be a constant dancing monkey to have a hope of hanging onto that 4/10 girl.

So yeah, you guys who are 8/10 and 7/10 and looksmaxed 6/10 can go ufter fat/ugly girls but what about the rest of us?",95,91,192,2018-02-06T11:20:52+00:00,Angry_runt,Cursed OGcel,VIPCOSMIC,5.0,"Nov 7, 2017",12635.0,"time
2h 1m",2017-11-08 15:38:39+00:00,1,[],[],[],[],2017-11,2017-11-08 15:38:39+00:00,2017-11-07 00:00:00+00:00,1,3,0.0003023279250226746,onboarding
268,138561,,It's Over I would worship God,some people,3859,85,198430,2020-04-25T20:36:19+00:00,RandomGuy,Paragon,VIPCOSMIC,5.0,"Feb 20, 2018",18551.0,"time
1d 12h",2020-04-25 09:15:02+00:00,34,[],[],['ScornedStoic'],[5345],2020-04,2020-04-25 09:15:02+00:00,2018-02-20 00:00:00+00:00,795,964,0.24642126789366053,later
269,88873,,Too nice?,"Hypothesis: unattractive guys appear harmless and people are willing to walk over them.

Agree or disagree?",12726,88,68744,2018-08-20T23:45:13+00:00,andinocel,Overlord,overlord,5.0,"Aug 18, 2018",5661.0,"time
1h 27m",2018-08-20 23:25:01+00:00,1,[],[],[],[],2018-08,2018-08-20 23:25:01+00:00,2018-08-18 00:00:00+00:00,2,16,0.00466064666472473,onboarding
270,85606,,Blackpill Would people assume you were a virgin just by looking at you?,"I don't want to sound like I'm saying that foids can sense things, but I do agree that foids can tell if an adult man is a virgin; their ""wiring"" is programmed to sniff out male rejects and avoid them.

Some guys can tell, as well. Once in high school I overheard two niggers talking about me, they thought I wasn't listening, and one said to the other ""yo, you think andinocel is ever gonna get married?"".
In a part time job I had while in college, I was with a group of coworkers and we had a lot downtime on the job. There was a Tyrone (who had already fucked two coworkers and also dealt with a coworker stalker, but that's another story), two guys, and one girl. They were talking about relationships and of course the subject came to me. I wasn't quite blackpilled yet, and I lied, in order to not look like a loser, that I had a girlfriend - the group giggled and the Tyrone made an exaggerated shocked look and said ""mindblown!""

If you're a sub-5 truecel, people just cannot imagine you with a partner.",12726,88,719047,2025-03-02T04:02:52+00:00,andinocel,Overlord,overlord,5.0,"Aug 18, 2018",5661.0,"time
1h 27m",2025-03-01 20:07:43+00:00,25,[],[],[],[],2025-03,2025-03-01 20:07:43+00:00,2018-08-18 00:00:00+00:00,2387,3249,0.9464025633556656,later
271,131779,,Thoughts on NoFap?,Just LOL at nofap followers. These people are hypocrites to the max saying sex is fine but masturbation wasn't. Literally both thing stimulate the dick the same mechanism.,1769,85,3753,2017-11-24T22:23:58+00:00,AsiaCel,shalom goyim,VIPCOSMIC,5.0,"Nov 24, 2017",30115.0,"time
15h 15m",2017-11-24 10:06:51+00:00,22,[],[],[],[],2017-11,2017-11-24 10:06:51+00:00,2017-11-24 00:00:00+00:00,0,4,0.0002096216329525207,onboarding
272,74604,,Women are fucking useless,"Hello fellow incels I'm new to here,l have finally came across people who I can finally relate too",4004,92,24761,2018-02-24T13:52:26+00:00,Murdoch89,Foids will have sex with me in hell,overlord,5.0,"Feb 24, 2018",7965.0,"time
2h 45m",2018-02-24 13:52:26+00:00,1,[],[],[],[],2018-02,2018-02-24 13:52:26+00:00,2018-02-24 00:00:00+00:00,0,1,0.00017229496898690558,onboarding
273,131625,,Imagine being a Father and Allowing Your 15 Y/O Daughter to have Sex,My fucking sister is 11 and already have a boyfriend. I bet she will be fucked by chads and pregnant after a year or two.,1769,85,3647,2018-02-08T01:16:40+00:00,AsiaCel,shalom goyim,VIPCOSMIC,5.0,"Nov 24, 2017",30113.0,"time
15h 9m",2017-11-24 10:18:34+00:00,17,[],[],[],[],2017-11,2017-11-24 10:18:34+00:00,2017-11-24 00:00:00+00:00,0,8,0.0004192432659050414,onboarding
274,74253,,"Venting I miss the 90s, oldcels GTFIH","The good ole days, the time in which i never had a worry in the world",4004,92,42687,2018-05-11T02:40:41+00:00,Murdoch89,Foids will have sex with me in hell,overlord,5.0,"Feb 24, 2018",7965.0,"time
2h 45m",2018-05-10 22:41:04+00:00,13,[],[],[],[],2018-05,2018-05-10 22:41:04+00:00,2018-02-24 00:00:00+00:00,75,370,0.06374913852515507,later
275,21303,,Discussion are there any guys here who are 6'4 and up,"Currently I'm 6'2"", I wish I was 6'5"" lol.",40,100,357542,2022-03-24T00:35:18+00:00,ordinaryotaku,Feminists = cultural traitors deserving execution.,VIPCOSMIC,5.0,"Nov 7, 2017",16396.0,"time
10h 42m",2022-03-01 19:42:38+00:00,15,[],[],['PPEcel'],[14642],2022-03,2022-03-01 19:42:38+00:00,2017-11-07 00:00:00+00:00,1575,7063,0.8298672306426977,later
276,19508,,What should be done to females,https://www.youtube.com/watch?v=oHBTVzRreSY,1350,102,1970,2017-11-14T23:58:05+00:00,tehgymcel420,From Zabbaleen Egypt,VIPCOSMIC,5.0,"Nov 10, 2017",25555.0,"time
3h 45m",2017-11-14 23:32:43+00:00,1,[],[],[],[],2017-11,2017-11-14 23:32:43+00:00,2017-11-10 00:00:00+00:00,4,13,0.0007419244378495606,onboarding
277,47299,,Experiment Incel childhood,"""moved before 16"" hits hardest
my parents first ripped me away from classmates for no reason after 5th grade (the new school was supposed to be more ""prestigious"" and ""difficult"" jesus christ what the fuck was wrong with them)
then we also changed homes
then I also had to transfer to another highschool after 1 year because i was a braincel and i got into a way too shitty one at first

when I think back to all the summers where I was still around friends that were spent locked inside kept away from them so i could do ""extra homework"" given to me by my mom... christ, only a miracle worker could slap together a normal social person out of all this stupid shit",6268,96,53092,2018-06-17T16:52:34+00:00,turbocuckcel_7000,‎ ‎ ‎ ‎Yoshika Says: T⭕TAL TR⭕⭕N DE⭕TH,overlord,5.0,"May 2, 2018",35896.0,"time
3d 11h",2018-06-16 23:59:17+00:00,4,[],[],[],[],2018-06,2018-06-16 23:59:17+00:00,2018-05-02 00:00:00+00:00,45,18,0.0011478127789822726,onboarding
278,139960,,The whole #MeToo movement described in one image (blackpill),[attachment=2429],3859,85,24112,2018-02-22T19:57:55+00:00,RandomGuy,Paragon,VIPCOSMIC,5.0,"Feb 20, 2018",18553.0,"time
1d 12h",2018-02-22 03:37:34+00:00,7,[],[],[],[],2018-02,2018-02-22 03:37:34+00:00,2018-02-20 00:00:00+00:00,2,11,0.0028118609406952966,onboarding
279,19129,,Reminder that FA women do not exist.,I believe females like that should be forced to have sex with Frank Yeagar.,1350,102,1246,2018-02-07T14:56:40+00:00,tehgymcel420,From Zabbaleen Egypt,VIPCOSMIC,5.0,"Nov 10, 2017",25554.0,"time
3h 37m",2017-11-11 17:26:54+00:00,8,[],[],[],[],2017-11,2017-11-11 17:26:54+00:00,2017-11-10 00:00:00+00:00,1,8,0.0004565688848304988,onboarding
280,126036,,I am severely depressed,"You may consider some med, Prozac works well for me.",1769,85,3744,2020-04-28T19:41:57+00:00,AsiaCel,shalom goyim,VIPCOSMIC,5.0,"Nov 24, 2017",30108.0,"time
14h 49m",2017-11-24 10:54:20+00:00,8,[],[],[],[],2017-11,2017-11-24 10:54:20+00:00,2017-11-24 00:00:00+00:00,0,19,0.0009957027565244733,onboarding
281,82386,,RageFuel Sour graping is one thing really pissing me off about incel communities,M-muh dimorphism,95,91,120441,2019-05-04T22:52:38+00:00,Angry_runt,Cursed OGcel,VIPCOSMIC,5.0,"Nov 7, 2017",12635.0,"time
2h 1m",2019-05-04 21:00:27+00:00,36,,,['IncelGenocide'],[17209],2019-05,2019-05-04 21:00:27+00:00,2017-11-07 00:00:00+00:00,543,3021,0.3044442204978333,later
282,88657,,Blackpill Elementary school sets the course for your life,My adult life mirrors my school life:,12726,88,87182,2018-11-06T17:33:36+00:00,andinocel,Overlord,overlord,5.0,"Aug 18, 2018",5661.0,"time
1h 27m",2018-11-06 15:14:18+00:00,18,[],[],[],[],2018-11,2018-11-06 15:14:18+00:00,2018-08-18 00:00:00+00:00,80,238,0.06932711913778036,later
283,80522,,"Blackpill We incels are expected to attend weddings, celebrate Valentine's Day, etc.",I've been to one wedding when I was like 8 or 9 and I've never celebrated Valentine's day. And no one ever gave a shit because I'm an incel so my absence is appreciated.,95,91,177319,2020-02-09T11:32:55+00:00,Angry_runt,Cursed OGcel,VIPCOSMIC,5.0,"Nov 7, 2017",12635.0,"time
2h 1m",2020-02-09 10:58:19+00:00,3,[],[],[],[],2020-02,2020-02-09 10:58:19+00:00,2017-11-07 00:00:00+00:00,824,4746,0.4782827773858712,later
284,20475,,im stalking a inceltears bitch,"That'a absolutely hilarious. I bet she's living in a trailer trying to apply for welfare checks while being barely able to sustain herself, making $15,000 a year as a bagger and having to resort to 56kb/s dial-up.",40,100,463,2023-09-16T02:25:44+00:00,ordinaryotaku,Feminists = cultural traitors deserving execution.,VIPCOSMIC,5.0,"Nov 7, 2017",16395.0,"time
10h 36m",2017-11-09 01:20:08+00:00,12,[],[],[],[],2017-11,2017-11-09 01:20:08+00:00,2017-11-07 00:00:00+00:00,2,8,0.0009399600516978028,onboarding
285,24939,,JFL Which one is the best and why?,"Shinji Aoba isn't an incel. He claimed the studio plagiarized his work, so he did what he thought was right (it wasn't). We shouldn't put mentally ill people within incel ranks otherwise the cucks will start to use that against us to get all our spaces shut down and our homes raided by government nigger agents.

Picked Chris Morgan though. Based bagelcel.",40,100,133198,2019-07-21T15:14:48+00:00,ordinaryotaku,Feminists = cultural traitors deserving execution.,VIPCOSMIC,5.0,"Nov 7, 2017",16402.0,"time
11h 2m",2019-07-21 06:34:11+00:00,2,[],[],[],[],2019-07,2019-07-21 06:34:11+00:00,2017-11-07 00:00:00+00:00,621,3693,0.43390905886499825,later
286,74637,,Succubus summoning guide,Pussy is not worth having your soul being devoured by demons.,95,91,690944,2025-11-29T16:24:47+00:00,Angry_runt,Cursed OGcel,VIPCOSMIC,5.0,"Nov 7, 2017",12635.0,"time
2h 1m",2024-12-15 03:43:24+00:00,4,[],[],[],[],2024-12,2024-12-15 03:43:24+00:00,2017-11-07 00:00:00+00:00,2595,9650,0.9724881588229366,later
287,58137,,JFL incels.is is like Flagrant 2 for virgins,"The freedom of speech we push, the energy and wild takes we bring, makes me think that we really aren't that much different than the sex-having Flagrant 2 podcast. The only difference is they have sex and are NT, and we are ugly virgins hiding underneath anime foid avis.

There is no limit to what being NT and popular can allow you to do societally-- you can say crazy ass shit and get away with it. But if you are a virgin, autist & loner nobody's on  your side. Especially not females. The leash afforded to us is as short as our statures.

I'm not even sure why I listen to Flagrant 2.  I certainly listen to it more because I respect that curry manlet Akaash more than Andrew. But you have to admit, as funny as Akaash is on his own, he would be nothing without Chadrew Schultz. To a certain extent, for short ethnic men, they MUST be knighted by some popular Chad in order to ascend. SOCIAL PROOF handed out like a present from Santa Chad for being good little cuck all year up to Christmas. Its just cucked as fuck that short ethnics need ""vetting"" from these Chads to make it permissible for foids to feel okay fucking low-status men. We are literally given the post-cummed whores Chad doesn't want.


Tldr, It is not possible for some short ethnic man to carve out their path without some Chad ""knighting"" them as ""cool""",10247,94,368865,2022-04-20T03:34:01+00:00,SlayerSlayer,The Satoru Iwata of incels.is,admin,5.0,"Jul 10, 2018",25257.0,"time
11h 9m",2022-04-20 03:26:32+00:00,1,[],[],[],[],2022-04,2022-04-20 03:26:32+00:00,2018-07-10 00:00:00+00:00,1380,10796,0.5297090427358815,later
288,68687,,Serious This site is addictive,"I love this site too. It's the only place where people don't hold back. One positive benefit is that my addiction for incel content has replaced my porn addiction. I'm not sure which one is worse. In all honesty, a porn addiction is probably healthier, because the dopamine keeps you bluepilled, happy, and non-threatening. Now I have random fits of rage when I think back about the unbearable truths we reveal.",10247,94,60079,2018-07-16T10:07:52+00:00,SlayerSlayer,The Satoru Iwata of incels.is,admin,5.0,"Jul 10, 2018",25261.0,"time
11h 19m",2018-07-16 10:07:52+00:00,65,[],[],[],[],2018-07,2018-07-16 10:07:52+00:00,2018-07-10 00:00:00+00:00,6,11,0.0005397183651440066,onboarding
289,139475,,Experiment Another which would you rather poll,Oy vey,3859,85,126740,2019-06-19T20:19:25+00:00,RandomGuy,Paragon,VIPCOSMIC,5.0,"Feb 20, 2018",18553.0,"time
1d 12h",2019-06-18 04:24:20+00:00,16,[],[],[''],[None],2019-06,2019-06-18 04:24:20+00:00,2018-02-20 00:00:00+00:00,483,374,0.09560327198364008,later
290,19777,,SuicideFuel It's catastrophically mind blowing how much we missed out on,"Honestly, this should be permanently pinned.",40,100,82323,2025-11-23T09:24:58+00:00,ordinaryotaku,Feminists = cultural traitors deserving execution.,VIPCOSMIC,5.0,"Nov 7, 2017",16394.0,"time
10h 28m",2019-02-04 06:51:46+00:00,58,[],[],['blackpilledhero'],[1301],2019-02,2019-02-04 06:51:46+00:00,2017-11-07 00:00:00+00:00,454,2462,0.2892727059099988,later
291,71265,,JFL IncelTear is filled with trolls and LARPers,When will we ever come face to face with these fuckers,4004,92,302381,2021-06-23T22:27:40+00:00,Murdoch89,Foids will have sex with me in hell,overlord,5.0,"Feb 24, 2018",7965.0,"time
2h 44m",2021-06-23 22:27:40+00:00,4,[],[],[],[],2021-06,2021-06-23 22:27:40+00:00,2018-02-24 00:00:00+00:00,1215,3408,0.5871812543073742,later
292,93235,,Blackpill Humans that I gave my life for dropped me instantly the moment I couldnt give more,"It was never about the collective and always about yourself . 

Second guess People , be cynical . Nobody truly has your best interest in mind .",6579,86,692482,2024-12-26T12:31:44+00:00,Izayacel,"Blade HatER """,VIPCOSMIC,5.0,"May 5, 2018",26751.0,"time
1d 13h",2024-12-26 12:31:44+00:00,13,[],[],[],[],2024-12,2024-12-26 12:31:44+00:00,2018-05-05 00:00:00+00:00,2427,13397,0.8202412294128452,later
293,85273,,"""Go see a therapist""","No, not this guy.

Anyway the purpose of therapy for incels is to diffuse our anger so we don't become a threat to anyone. There is no other purpose.",95,91,201,2017-12-29T11:31:53+00:00,Angry_runt,Cursed OGcel,VIPCOSMIC,5.0,"Nov 7, 2017",12635.0,"time
2h 1m",2017-11-08 16:01:36+00:00,6,[],[],[],[],2017-11,2017-11-08 16:01:36+00:00,2017-11-07 00:00:00+00:00,1,5,0.000503879875037791,onboarding
294,88418,,SuicideFuel I'm 27 but only attracted to teen girls.,"JFL at people who think teenage girls are innocent, pure-minded and wholesome",12726,88,106138,2019-02-14T02:45:13+00:00,andinocel,Overlord,overlord,5.0,"Aug 18, 2018",5661.0,"time
1h 27m",2019-02-10 20:28:34+00:00,48,[],[],['Juxtaposition6'],[2538],2019-02,2019-02-10 20:28:34+00:00,2018-08-18 00:00:00+00:00,176,486,0.14156714244101368,later
295,87265,,Blackpill Girl rejects boy for being to short,"That was some cringey ass shit, but it's blackpill 101. Foids see nothing wrong with it, though, but dare a guy say to his internet girlfriend ""I thought you were skinnier""",12726,88,272853,2021-01-21T16:12:33+00:00,andinocel,Overlord,overlord,5.0,"Aug 18, 2018",5661.0,"time
1h 27m",2021-01-21 03:58:34+00:00,11,[],[],[],[],2021-01,2021-01-21 03:58:34+00:00,2018-08-18 00:00:00+00:00,887,1691,0.49257209437809496,later
296,68689,,Blackpill Your jealousy of Chad outweights your desire for Stacy,"No homo here, but it's not women, or sex, or the worthless value they provide that occupy my mind- it's full on about CHAD.

I don't think Stacy's love (which is fleeting at best) could ever transcend what could be the fantastical euphoria of knowing that you are CHAD. I think though there are obviously real life Chads,  the way our language uses him, what we really fantasize about is THEE CHAD. The impossible masculine ideal  tailored to our own identity and is ultimately a figment of our imagination. And in my mind the paramount quality of Chad is effortlessness.

Sure you could ascend one day, perhaps, some day you would best Chad at fucking Stacies, but ultimately it is worthless. . While you were busting your ass in Calculus, Chad was busting Stacy's asshole during Calculus. You could fuck a ton of whores someday, because you own a yacht what the fuck does that matter? Chad was fucking drug sluts with daddy issues in MIDDLE SCHOOL because he could marginally skate better than you. You will never catch up. He fucked Stacy before puberty, because even as a pre-pubescent, he was still genetically superior. On top of that Chad , but she lied and ended up just having it because she wanted to spread Chad's genes so bad, she was willing to ruin her life for it, now Stacy is a single mother motel worker scubbing cum off sheets because she's so mindful of Chad she didn't want to burden Chad with bastard children.

What does that say about your priorities? I think if one is driven by the jealousy of Chad- they are more blackpilled by nature, yet will never ascend due to the lack of positive thought patterns. If one admires Chad, I think you are more redpilled and are more likely to ascend because your mind is exercising aggressive and improvement oriented thought patterns. If one is driven by the desire for Stacy more, you are still bluepilled at heart, and will only ascend by fluke.",10247,94,60054,2018-07-13T13:50:28+00:00,SlayerSlayer,The Satoru Iwata of incels.is,admin,5.0,"Jul 10, 2018",25261.0,"time
11h 19m",2018-07-13 10:07:02+00:00,1,[],[],[],[],2018-07,2018-07-13 10:07:02+00:00,2018-07-10 00:00:00+00:00,3,10,0.0004906530592218242,onboarding
297,20191,,"It's Over I’m a shycel, I never tried to approach women",Yep. Plus I'd rather not get a sexual assault/stalking/harassment charge.,40,100,660224,2024-10-05T20:56:01+00:00,ordinaryotaku,Feminists = cultural traitors deserving execution.,VIPCOSMIC,5.0,"Nov 7, 2017",16395.0,"time
10h 36m",2024-09-25 01:27:04+00:00,62,[],[],['Dneum912'],[55926],2024-09,2024-09-25 01:27:04+00:00,2017-11-07 00:00:00+00:00,2514,7947,0.9337328163553049,later
298,88456,,If you haven't lost your virginity by 21 its highly likely you will never lose it.,I guess I'm fucked,12726,88,102097,2019-01-19T21:49:40+00:00,andinocel,Overlord,overlord,5.0,"Aug 18, 2018",5661.0,"time
1h 27m",2019-01-19 18:28:04+00:00,31,[],[],[],[],2019-01,2019-01-19 18:28:04+00:00,2018-08-18 00:00:00+00:00,154,449,0.13078939702883774,later
299,111260,,SuicideFuel Official weekend rotting thread ( Fakecels stay out !!! ),"What is a volcel, im pretty new to incel terms but not redpill etc

I? I gymmed i.jogged deep.down for femloids/wymins now i cope may loose sone wheight agaib gained like 20kg or.so so yea",6579,86,41387,2018-05-05T20:24:35+00:00,Izayacel,"Blade HatER """,VIPCOSMIC,5.0,"May 5, 2018",26813.0,"time
1d 16h",2018-05-05 19:09:23+00:00,37,[],[],[],[],2018-05,2018-05-05 19:09:23+00:00,2018-05-05 00:00:00+00:00,0,4,0.0002449029572032082,onboarding
300,24667,,"Look How This Actress Aged (Girl From Top Gun, 1986)","That's what a shit ton of drugs, sex, and all nighters do to you. I've seen pics of foids in the countryside from 50-60 years ago and they looked way better at this foid's age than they do now.",40,100,134516,2019-08-18T14:55:42+00:00,ordinaryotaku,Feminists = cultural traitors deserving execution.,VIPCOSMIC,5.0,"Nov 7, 2017",16402.0,"time
11h 41s",2019-07-28 04:41:38+00:00,11,[],[],['angrycurrycel'],[16455],2019-07,2019-07-28 04:41:38+00:00,2017-11-07 00:00:00+00:00,628,3764,0.44225120432381626,later
301,24176,,Cope An Incel accuses Incels at Larpers.co for being fakecels,"This dude only has to get an otoplasty and he can easily become a solid high tier normie-low tier Chadlite. Mogs the shit out of me, lmao.",40,100,151818,2019-10-19T21:32:41+00:00,ordinaryotaku,Feminists = cultural traitors deserving execution.,VIPCOSMIC,5.0,"Nov 7, 2017",16400.0,"time
10h 56m",2019-10-18 23:09:03+00:00,43,[],[],[],[],2019-10,2019-10-18 23:09:03+00:00,2017-11-07 00:00:00+00:00,710,4346,0.5106332980848314,later
302,85347,,How many times were you in a fight?,"I worked as a bouncer a couple of months, I don't know if that counts. If so, maybe in like 20-25. If not, then 3 proper fights. I came out on top in all three. Martialartscel.",95,91,1048,2017-11-14T00:03:23+00:00,Angry_runt,Cursed OGcel,VIPCOSMIC,5.0,"Nov 7, 2017",12635.0,"time
2h 1m",2017-11-11 02:15:46+00:00,18,[],[],[],[],2017-11,2017-11-11 02:15:46+00:00,2017-11-07 00:00:00+00:00,4,13,0.0013100876750982565,onboarding
303,89234,,Experiment Is this guy a fucking volcel?,He wants a long term relationshit with a pure Woman . Delusional .,6579,86,872408,2026-05-11T22:07:21+00:00,Izayacel,"Blade HatER """,VIPCOSMIC,5.0,"May 5, 2018",26747.0,"time
1d 12h",2026-05-11 15:47:56+00:00,14,[],[],[],[],2026-05,2026-05-11 15:47:56+00:00,2018-05-05 00:00:00+00:00,2928,16142,0.9883058837935468,later
304,42859,,LifeFuel I will approach 1000 girls and find a GF,"Since the rejections are staying brutal, maybe we should use this thread to think up some better openers.

I think the trouble with coming up with a good opener is that there's a large gap between your personal experiences, so you can't just say be like ""Heyy... are you bored today too? Let's chat/go for a walk/coffee."" to the girl, because they probably aren't bored or lonesome and easily have a bunch of things in mind like somewhere they could be or some friend they could meet, or some event that wants them to show up just because they're a girl.
So you'd have to break apart from that somehow and invite them to something or to make her be something other than just the girl that will cure your loneliness/boredom at that point in time.",6268,96,46003,2019-07-21T14:46:12+00:00,turbocuckcel_7000,‎ ‎ ‎ ‎Yoshika Says: T⭕TAL TR⭕⭕N DE⭕TH,overlord,5.0,"May 2, 2018",35894.0,"time
3d 11h",2018-06-12 09:25:33+00:00,262,[],[],[],[],2018-06,2018-06-12 09:25:33+00:00,2018-05-02 00:00:00+00:00,41,7,0.00044637163627088384,onboarding
305,136923,,"RageFuel I feel terrible, FOMO-like jealous rage about the upcoming summer weekend",Normies paying $2000 rent and $5 gas. I don’t see much joy amongst the herd.,3859,85,371275,2022-04-29T19:46:01+00:00,RandomGuy,Paragon,VIPCOSMIC,5.0,"Feb 20, 2018",18547.0,"time
1d 12h",2022-04-29 10:52:46+00:00,2,[],[],[],[],2022-04,2022-04-29 10:52:46+00:00,2018-02-20 00:00:00+00:00,1529,1934,0.4943762781186094,later
306,86694,,Theory You have to be ultra high t to truly rape a foid,Nope. She was a noodlewhore -- she just had her hair dyed,12726,88,372102,2022-05-06T19:59:05+00:00,andinocel,Overlord,overlord,5.0,"Aug 18, 2018",5661.0,"time
1h 27m",2022-05-02 18:04:11+00:00,19,[],[],['Substitute Subhuman'],[41567],2022-05,2022-05-02 18:04:11+00:00,2018-08-18 00:00:00+00:00,1353,2240,0.6524905330614623,later
307,21042,,JFL VAUSH GOES FULL BLACKPILL MODE,"Vaush really called Tate an ""incel chieftain"" LMAO. These bluepilled retards are so disingenuous. Tate LITERALLY hates us and went on tirades on incels on his Twitter account when it was still up.",40,100,401804,2022-08-21T05:31:22+00:00,ordinaryotaku,Feminists = cultural traitors deserving execution.,VIPCOSMIC,5.0,"Nov 7, 2017",16396.0,"time
10h 39m",2022-08-21 05:21:12+00:00,5,[],[],[],[],2022-08,2022-08-21 05:21:12+00:00,2017-11-07 00:00:00+00:00,1748,7288,0.8563036070966984,later
308,42857,,LifeFuel I will approach 1000 girls and find a GF,Why would he get arrested?,6268,96,46003,2019-07-21T14:46:12+00:00,turbocuckcel_7000,‎ ‎ ‎ ‎Yoshika Says: T⭕TAL TR⭕⭕N DE⭕TH,overlord,5.0,"May 2, 2018",35894.0,"time
3d 11h",2018-06-10 19:43:49+00:00,246,[],[],[],[],2018-06,2018-06-10 19:43:49+00:00,2018-05-02 00:00:00+00:00,39,3,0.00019130212983037878,onboarding
309,126976,,used up roastie brings up 6'8 husband in conversation for no reason,Females have a status by proxy system where her partner's status is indirectly her status. A female can be 4'9 but can have the status of a 6'4 man because her boyfriend is that and that,1769,85,131298,2019-07-12T22:34:41+00:00,AsiaCel,shalom goyim,VIPCOSMIC,5.0,"Nov 24, 2017",30110.0,"time
14h 56m",2019-07-12 05:45:14+00:00,2,[],[],[],[],2019-07,2019-07-12 05:45:14+00:00,2017-11-24 00:00:00+00:00,595,4784,0.25070747301121477,later
310,139949,,What is the worst psychological pain you have experienced?,"50 Years in prison, but they gave me early release.",3859,85,24373,2018-02-23T10:08:59+00:00,RandomGuy,Paragon,VIPCOSMIC,5.0,"Feb 20, 2018",18553.0,"time
1d 12h",2018-02-22 23:51:26+00:00,7,[],[],[],[],2018-02,2018-02-22 23:51:26+00:00,2018-02-20 00:00:00+00:00,2,19,0.0048568507157464216,onboarding
311,102856,,JFL Foid feels outraged at finding out that her bf paid for nudes/videos online,"Abosulter Base , die ist propably einversüchtigt das er nicht sein ganzes Geld an seine Freundin von Fotze spendiert.

Kek",6579,86,364113,2022-03-30T09:44:52+00:00,Izayacel,"Blade HatER """,VIPCOSMIC,5.0,"May 5, 2018",26783.0,"time
1d 15h",2022-03-30 09:44:52+00:00,6,[],[],['Sneir'],[40624],2022-03,2022-03-30 09:44:52+00:00,2018-05-05 00:00:00+00:00,1425,6715,0.4111308394048858,later
312,69362,,Banned for 3 days off Reddit for “harassing tallfag”,I'm banned for life,4004,92,580266,2024-03-01T17:49:17+00:00,Murdoch89,Foids will have sex with me in hell,overlord,5.0,"Feb 24, 2018",7965.0,"time
2h 44m",2024-03-01 17:49:17+00:00,10,[],[],['Clavicus Vile'],[60329],2024-03,2024-03-01 17:49:17+00:00,2018-02-24 00:00:00+00:00,2197,5215,0.8985182632667126,later
313,28586,,I am Zyros 10 Years Ago. Looks are Everything,"Lose weight, maybe you can still be Zyros now under all that fat.",40,100,4292,2017-11-28T00:19:37+00:00,ordinaryotaku,Feminists = cultural traitors deserving execution.,VIPCOSMIC,5.0,"Nov 7, 2017",16402.0,"time
11h 5m",2017-11-28 00:19:37+00:00,17,[],[],[],[],2017-11,2017-11-28 00:19:37+00:00,2017-11-07 00:00:00+00:00,21,357,0.04194571730701445,later
314,132340,,SuicideFuel Weed is the devil's fart if you're NDcel,Apple Fritter,3859,85,827841,2026-01-08T00:35:34+00:00,RandomGuy,Paragon,VIPCOSMIC,5.0,"Feb 20, 2018",18531.0,"time
1d 10h",2026-01-06 23:08:42+00:00,40,[],[],[],[],2026-01,2026-01-06 23:08:42+00:00,2018-02-20 00:00:00+00:00,2877,3729,0.9532208588957055,later
315,47312,,Anyone else so ugly they can't even get checkout girls to say hi to them?,"Even if they don't start out hating you, cashiers/etc will get more and more curt and rude with you the more they see you, if you don't somehow make interesting conversation with them.",6268,96,51621,2018-06-12T12:01:30+00:00,turbocuckcel_7000,‎ ‎ ‎ ‎Yoshika Says: T⭕TAL TR⭕⭕N DE⭕TH,overlord,5.0,"May 2, 2018",35896.0,"time
3d 11h",2018-06-12 12:01:30+00:00,22,[],[],[],[],2018-06,2018-06-12 12:01:30+00:00,2018-05-02 00:00:00+00:00,41,9,0.0005739063894911363,onboarding
316,111879,,Experiment Have you ever stolen something?,Hello FBI,1769,85,788974,2025-09-29T19:09:31+00:00,AsiaCel,shalom goyim,VIPCOSMIC,5.0,"Nov 24, 2017",30102.0,"time
13h 29m",2025-09-11 05:08:02+00:00,15,[],[],[],[],2025-09,2025-09-11 05:08:02+00:00,2017-11-24 00:00:00+00:00,2848,18617,0.9756314851692695,later
317,8552,,LifeFuel Taylor Swift has a gook lover in her new music video.  Ricefuel for lifecels.,ricefuel,1350,102,264712,2021-02-01T20:25:46+00:00,tehgymcel420,From Zabbaleen Egypt,VIPCOSMIC,5.0,"Nov 10, 2017",25554.0,"time
3h 37m",2020-12-15 17:36:58+00:00,45,[],[],[],[],2020-12,2020-12-15 17:36:58+00:00,2017-11-10 00:00:00+00:00,1131,10195,0.581839972605867,later
318,27519,,RageFuel Women are apparently entitled to incels getting the shit kicked out of them for them.,"Hell yeah, fuck with these normie cucks say. It's gonna be funny seeing them with black eyes, posting on Reddit ""I defended a wymyn today!!!""",40,100,55052,2018-06-24T09:10:59+00:00,ordinaryotaku,Feminists = cultural traitors deserving execution.,VIPCOSMIC,5.0,"Nov 7, 2017",16402.0,"time
11h 4m",2018-06-24 06:52:43+00:00,17,[],[],['Mainländer'],[6348],2018-06,2018-06-24 06:52:43+00:00,2017-11-07 00:00:00+00:00,229,1386,0.16284807895664435,later
319,122246,,Serious the official university research confirms our ideas,Incels are literally ISIS,1769,85,475069,2023-04-06T08:24:27+00:00,AsiaCel,shalom goyim,VIPCOSMIC,5.0,"Nov 24, 2017",30106.0,"time
14h 16m",2023-04-05 17:10:22+00:00,14,[],[],['parzurnacs'],[51328],2023-04,2023-04-05 17:10:22+00:00,2017-11-24 00:00:00+00:00,1958,9221,0.48323026936379837,later
320,139707,,Jews created the incel epidemic and are responsible for my subhumanes,"1:25 
[video=youtube]https://youtu.be/8AgyYtn7aOc[/video]",3859,85,24055,2018-04-20T02:58:40+00:00,RandomGuy,Paragon,VIPCOSMIC,5.0,"Feb 20, 2018",18553.0,"time
1d 12h",2018-02-21 23:35:42+00:00,72,[],[],['Cynistic'],[None],2018-02,2018-02-21 23:35:42+00:00,2018-02-20 00:00:00+00:00,1,5,0.001278118609406953,onboarding
321,10469,,Serious If you would fuck a landwhale as a gymcel you're a CUCK,I won't fuck a foid if I can't bench press twice her weight.,1350,102,211663,2020-06-04T20:24:10+00:00,tehgymcel420,From Zabbaleen Egypt,VIPCOSMIC,5.0,"Nov 10, 2017",25554.0,"time
3h 37m",2020-06-04 08:29:29+00:00,6,[],[],[],[],2020-06,2020-06-04 08:29:29+00:00,2017-11-10 00:00:00+00:00,937,8621,0.49201004451546626,later
322,68762,,This is the dream Incel job,Worth doing it for 6 months,4004,92,844472,2026-02-19T21:33:45+00:00,Murdoch89,Foids will have sex with me in hell,overlord,5.0,"Feb 24, 2018",7965.0,"time
2h 42m",2026-02-19 19:42:24+00:00,18,[],[],[],[],2026-02,2026-02-19 19:42:24+00:00,2018-02-24 00:00:00+00:00,2917,5748,0.9903514817367333,later
323,19506,,"What are curry women like irl? I never met one close, only seen from distance","Not all but I've definitely met a few who smell bad. Most of them are pretty ugly with too much excess facial hair, a few decent looking ones here and there though. They are whores, just like every other female.",1350,102,2401,2017-11-17T09:59:27+00:00,tehgymcel420,From Zabbaleen Egypt,VIPCOSMIC,5.0,"Nov 10, 2017",25555.0,"time
3h 45m",2017-11-17 02:39:16+00:00,8,[],[],[],[],2017-11,2017-11-17 02:39:16+00:00,2017-11-10 00:00:00+00:00,7,16,0.0009131377696609977,onboarding
324,139896,,I got falsely charged with a crime based on my looks.,"Slow it down sum, be humble and don’t ruin ur life.",3859,85,24204,2018-02-28T08:37:31+00:00,RandomGuy,Paragon,VIPCOSMIC,5.0,"Feb 20, 2018",18553.0,"time
1d 12h",2018-02-22 08:04:58+00:00,7,[],[],[],[],2018-02,2018-02-22 08:04:58+00:00,2018-02-20 00:00:00+00:00,2,12,0.003067484662576687,onboarding
325,88857,,Serious i honestly dont hate women,I don't hate women but I have very little respect for their shallow behavior and puerile thought process.,12726,88,68378,2018-08-22T05:04:33+00:00,andinocel,Overlord,overlord,5.0,"Aug 18, 2018",5661.0,"time
1h 27m",2018-08-19 16:00:41+00:00,37,[],[],[],[],2018-08,2018-08-19 16:00:41+00:00,2018-08-18 00:00:00+00:00,1,2,0.0005825808330905913,onboarding
326,62435,,RageFuel the most unfair thing in life is the sex,"NOT HAVING SEX MAKES ME ANGRY. I'm not even horny, I'm just jealous. I just want to fuck so I feel validated.There's nothing more unfair than not having FREE UNPROTECTED SEX from a woman you love, and then nutting in her and having a child, and then abandoning that child after she refuses to have an abortion. And then repeating the process till you have made the world far worse than you when you arrived in it.",10247,94,289752,2021-05-03T16:51:08+00:00,SlayerSlayer,The Satoru Iwata of incels.is,admin,5.0,"Jul 10, 2018",25261.0,"time
11h 19m",2021-04-13 04:48:57+00:00,1,[],[],[],[],2021-04,2021-04-13 04:48:57+00:00,2018-07-10 00:00:00+00:00,1008,6278,0.3080319905794613,later
327,88872,,"Experiment Would you sell your soul to the devil, if you become a Chad in return?",Yes,12726,88,68711,2018-08-21T01:06:47+00:00,andinocel,Overlord,overlord,5.0,"Aug 18, 2018",5661.0,"time
1h 27m",2018-08-20 21:45:16+00:00,3,[],[],[],[],2018-08,2018-08-20 21:45:16+00:00,2018-08-18 00:00:00+00:00,2,14,0.00407806583163414,onboarding
328,137714,,Blackpill Life doesn’t start until you looksmaxx,"Bottom of social ladder?

I’ll pull up in muh candy red Tesla Roadster w/SpaceX package and smash chadlite gf. Betabuxx her with a Louis Vuitton handbag  and it’s over for looksmaxxer. 




I don’t play boyos, just kiddin‘. 

They like shiny things, so its not all about looks.

Don’t stress yourself over them. If they don’t accept you for who you are, leave.",3859,85,325984,2021-10-19T07:22:07+00:00,RandomGuy,Paragon,VIPCOSMIC,5.0,"Feb 20, 2018",18551.0,"time
1d 12h",2021-10-19 05:21:59+00:00,4,[],[],['RecessedChinCel'],[34772],2021-10,2021-10-19 05:21:59+00:00,2018-02-20 00:00:00+00:00,1337,1510,0.38599182004089977,later
329,139957,,Full of hate,"Theres a thousand Hitlers on the rise. LDAR and watch the sh*t show.
[video=youtube]https://youtu.be/PzjICiXZ1-w[/video]",3859,85,23753,2018-02-22T23:24:27+00:00,RandomGuy,Paragon,VIPCOSMIC,5.0,"Feb 20, 2018",18553.0,"time
1d 12h",2018-02-22 23:06:50+00:00,27,[],[],[],[],2018-02,2018-02-22 23:06:50+00:00,2018-02-20 00:00:00+00:00,2,17,0.0043456032719836404,onboarding
330,77029,,Why should there be a child benefit and not a celibacy allowance?,"I mean child benefits. There shouldn't be child benefits. If they want to have babies fed, Chad should hit the construction site and Stacy should hit the casting couch.",95,91,202,2021-11-15T04:29:47+00:00,Angry_runt,Cursed OGcel,VIPCOSMIC,5.0,"Nov 7, 2017",12635.0,"time
2h 1m",2017-11-08 16:04:44+00:00,4,[],[],['incelaman'],[None],2017-11,2017-11-08 16:04:44+00:00,2017-11-07 00:00:00+00:00,1,6,0.0006046558500453492,onboarding
331,88865,,JFL Ethnic men are realizing that they are losing their women to white men,I noticed this all of my adult life. Women of my culture out-marry so often that it’s downright surprising if I encounter a Colombian foid married to a Colombian guy.,12726,88,68697,2018-08-21T12:11:38+00:00,andinocel,Overlord,overlord,5.0,"Aug 18, 2018",5661.0,"time
1h 27m",2018-08-20 20:40:05+00:00,8,[],[],[],[],2018-08,2018-08-20 20:40:05+00:00,2018-08-18 00:00:00+00:00,2,11,0.003204194581998252,onboarding
332,85717,,Serious Trump winning is a small win for Incels,"I see posts about American prefering to vote for an old white man or something like that. 
The other option was an Indian/Jamaican half breed, which begs the question: name a successful, livable country that is predominantly curry or nigger",12726,88,676970,2024-11-06T14:55:32+00:00,andinocel,Overlord,overlord,5.0,"Aug 18, 2018",5661.0,"time
1h 27m",2024-11-06 14:46:56+00:00,26,[],[],[],[],2024-11,2024-11-06 14:46:56+00:00,2018-08-18 00:00:00+00:00,2272,3149,0.9172735217011361,later
333,111242,,"Truecel eats 30,000 big macs","I rememvmber the day wherw i spend 30€ on mc 4 big macs 1 royal ts and some chicken and cheeae burgers, meanwhile watching mgtow content from sandman was about relationshits or somethin one of the best cope moms of my life",6579,86,41491,2018-05-06T15:14:10+00:00,Izayacel,"Blade HatER """,VIPCOSMIC,5.0,"May 5, 2018",26813.0,"time
1d 16h",2018-05-06 00:45:39+00:00,18,[],[],[],[],2018-05,2018-05-06 00:45:39+00:00,2018-05-05 00:00:00+00:00,1,18,0.0011020633074144371,onboarding
334,111247,,SuicideFuel I just hit the point of no return,"7 years till wizard 23 still virgin , cunts aint an achievement tho maybe i give in paying for a hooker..",6579,86,41479,2018-05-06T02:18:26+00:00,Izayacel,"Blade HatER """,VIPCOSMIC,5.0,"May 5, 2018",26813.0,"time
1d 16h",2018-05-05 22:42:56+00:00,28,[],[],[],[],2018-05,2018-05-05 22:42:56+00:00,2018-05-05 00:00:00+00:00,0,16,0.0009796118288128328,onboarding
335,123996,,LifeFuel My shorts are getting very hard and crunchy,fuark i cum on my shorts too,1769,85,424513,2022-11-11T16:35:19+00:00,AsiaCel,shalom goyim,VIPCOSMIC,5.0,"Nov 24, 2017",30106.0,"time
14h 21m",2022-11-01 11:58:50+00:00,18,[],[],[],[],2022-11,2022-11-01 11:58:50+00:00,2017-11-24 00:00:00+00:00,1803,7332,0.3842364532019704,later
336,75508,,Gymcelling wont work,"Of course it won't work.
Who'd be incel if you could avoid it by investing 4 hours a week into a non-social hobby?",95,91,523417,2023-09-07T00:44:39+00:00,Angry_runt,Cursed OGcel,VIPCOSMIC,5.0,"Nov 7, 2017",12635.0,"time
2h 1m",2023-09-06 10:20:49+00:00,3,[],[],[],[],2023-09,2023-09-06 10:20:49+00:00,2017-11-07 00:00:00+00:00,2129,9223,0.9294568174947092,later
337,19509,,What should be done to females,"Lol, it's from deuteronomy 22:21. The Bible contains much wisdom.",1350,102,1970,2017-11-14T23:58:05+00:00,tehgymcel420,From Zabbaleen Egypt,VIPCOSMIC,5.0,"Nov 10, 2017",25555.0,"time
3h 45m",2017-11-14 23:44:55+00:00,3,[],[],['BasedTruecel'],[None],2017-11,2017-11-14 23:44:55+00:00,2017-11-10 00:00:00+00:00,4,14,0.0007989955484533729,onboarding
338,72947,,seeing balding men depresses me,"Nothing can really done about it other than getting an hair transplant, I just shave it off",4004,92,130297,2019-07-07T16:09:52+00:00,Murdoch89,Foids will have sex with me in hell,overlord,5.0,"Feb 24, 2018",7965.0,"time
2h 44m",2019-07-07 15:49:07+00:00,7,[],[],[],[],2019-07,2019-07-07 15:49:07+00:00,2018-02-24 00:00:00+00:00,498,1728,0.29772570640937285,later
339,19503,,Should I try to find a wife in my church community?,What if she could prove her virginity?,1350,102,2702,2017-11-18T21:56:22+00:00,tehgymcel420,From Zabbaleen Egypt,VIPCOSMIC,5.0,"Nov 10, 2017",25555.0,"time
3h 45m",2017-11-18 20:07:10+00:00,11,[],[],['11gaijin'],[None],2017-11,2017-11-18 20:07:10+00:00,2017-11-10 00:00:00+00:00,8,18,0.0010272799908686223,onboarding
340,103958,,"I realized why they urge ugly people to ""be confident"" and ""getting out of comfort zone"".","this bitch , i had just witnessed in a kebab store , propalby thought about gojo fucking her lol 

as if im 190 cm with a perfect jawline

JFL",6579,86,292813,2021-11-19T18:38:16+00:00,Izayacel,"Blade HatER """,VIPCOSMIC,5.0,"May 5, 2018",26783.0,"time
1d 15h",2021-04-28 12:12:47+00:00,6,[],[],['NorthernWind'],[32908],2021-04,2021-04-28 12:12:47+00:00,2018-05-05 00:00:00+00:00,1089,4314,0.2641278393436601,later
341,131659,,"""Lookism"", the Blackpilled Korean Manga",I respect Koreans verh high out of Asians. Koreans pulls ER while other Asians are too pussy to pull an ER. Did I mention Koreans often have tons of kills while doing so.,1769,85,6948,2017-12-20T04:46:09+00:00,AsiaCel,shalom goyim,VIPCOSMIC,5.0,"Nov 24, 2017",30114.0,"time
15h 11m",2017-12-12 09:20:23+00:00,39,[],[],[],[],2017-12,2017-12-12 09:20:23+00:00,2017-11-24 00:00:00+00:00,18,165,0.008646892359291478,later
342,60497,,Best way to ascend: Date a black girl,"they don't match with me because I am 5'3 with a 2"" penis",10247,94,329049,2021-11-05T08:19:55+00:00,SlayerSlayer,The Satoru Iwata of incels.is,admin,5.0,"Jul 10, 2018",25257.0,"time
11h 10m",2021-10-30 21:26:27+00:00,46,[],[],['The kissless'],[35497],2021-10,2021-10-30 21:26:27+00:00,2018-07-10 00:00:00+00:00,1208,8479,0.4160247289141848,later
343,77028,,Why should there be a child benefit and not a celibacy allowance?,"There shouldn't be. But the government doesn't want ugly men using the betabux loophole to reproduce, so they're pushing for the welfare state to make sure little Chadlets get to be born and grow up no matter what.",95,91,202,2021-11-15T04:29:47+00:00,Angry_runt,Cursed OGcel,VIPCOSMIC,5.0,"Nov 7, 2017",12635.0,"time
2h 1m",2017-11-08 15:59:07+00:00,2,[],[],[],[],2017-11,2017-11-08 15:59:07+00:00,2017-11-07 00:00:00+00:00,1,4,0.0004031039000302328,onboarding
344,127419,,Experiment Does those (literal) taiwan faggots mog you?,the sixpacked ricecels mog my pathetic belly to oblivion,1769,85,122267,2019-05-20T15:01:43+00:00,AsiaCel,shalom goyim,VIPCOSMIC,5.0,"Nov 24, 2017",30111.0,"time
15h 2m",2019-05-18 09:53:37+00:00,3,[],[],['NeetSupremacist'],[13629],2019-05,2019-05-18 09:53:37+00:00,2017-11-24 00:00:00+00:00,540,4393,0.23021695839010586,later
345,43057,,Current Society Feels Like a Parallel Universe,"Yeah, I do feel that way, but tbh the breaking point for me (and other oldcels) was 2000-2001.

You're probably too young but back then the atmosphere was very different, there was an insane amount of optimism and hope for the future, while all around there was still a lot of inherited stability and structure from what the earlier generations had laid down, as it hadn't been torn down yet. Everyone was in awe of the rise of personal computers and the internet and couldn't wait to see where it all lead, but everyone knew it was going to be something big...

But something bad happened and we took the wrong path at that crossroads, we started following all of our worst impulses and going further and further into the darkness. The iconoclasts got as much power as they possibly could to reshape society and we got as much agency as we could want, but we only ever used it to unleash ancient evils and debauchery.",6268,96,129526,2019-07-09T22:47:29+00:00,turbocuckcel_7000,‎ ‎ ‎ ‎Yoshika Says: T⭕TAL TR⭕⭕N DE⭕TH,overlord,5.0,"May 2, 2018",35894.0,"time
3d 11h",2019-07-03 13:13:15+00:00,2,[],[],[],[],2019-07,2019-07-03 13:13:15+00:00,2018-05-02 00:00:00+00:00,427,4034,0.2572375972452493,later
346,115695,,JFL There's a company called incel Tourism,JFL,1769,85,625753,2024-07-04T07:12:29+00:00,AsiaCel,shalom goyim,VIPCOSMIC,5.0,"Nov 24, 2017",30105.0,"time
14h 2m",2024-07-04 04:59:06+00:00,1,['inceltourism.com'],['https://inceltourism.com/'],[],[],2024-07,2024-07-04 04:59:06+00:00,2017-11-24 00:00:00+00:00,2414,15425,0.808353422073158,later
347,112939,,RageFuel Can't thinking about the dickpill,"I can't stop thinking the dickpill. Mine is of average size, slightly longer than my Samsung phone, but it actually looks short that I think about it. I kept rotating my phone to see how it looks in reality, and it just looks sort of short. To add to insult, I thought my phone was .1 inch bigger than it is (a 45deg measure of the phone screen).

My phone model (non bone pressed is slightly shorter than phone)




It does not help that my horizontal shape makes it look shorter than it is.

As well as being a fatcel (I'm working on it)

I just need one more inch and I'll be good for life.",1769,85,750733,2025-05-30T13:01:49+00:00,AsiaCel,shalom goyim,VIPCOSMIC,5.0,"Nov 24, 2017",30102.0,"time
13h 30m",2025-05-29 11:15:08+00:00,1,[],[],[],[],2025-05,2025-05-29 11:15:08+00:00,2017-11-24 00:00:00+00:00,2743,17837,0.9347552667435279,later
348,111254,,RageFuel Accepting truth HOLY TRINITY LMS IS ALL or Cope,German short ger,6579,86,41420,2018-05-05T20:25:38+00:00,Izayacel,"Blade HatER """,VIPCOSMIC,5.0,"May 5, 2018",26813.0,"time
1d 16h",2018-05-05 19:11:53+00:00,7,[],[],[],[],2018-05,2018-05-05 19:11:53+00:00,2018-05-05 00:00:00+00:00,0,5,0.0003061286965040103,onboarding
349,124039,,truecel trait: you dont feel afraid or sad when a school shooting happens,"I'm happy. It meant another incel brother has martyred, instead of dying silently in rope",1769,85,427471,2022-11-09T22:08:30+00:00,AsiaCel,shalom goyim,VIPCOSMIC,5.0,"Nov 24, 2017",30106.0,"time
14h 21m",2022-11-09 22:00:56+00:00,16,[],[],[],[],2022-11,2022-11-09 22:00:56+00:00,2017-11-24 00:00:00+00:00,1811,7720,0.40456975159836495,later
350,68694,,Serious Is There a Way to Fight Back Against Virgin Shaming?,"Brilliant post man! It would be a great story if it indeed played out that way. What makes me cringe is that often, the tactic of bully repentance is ""born-again"" Christian moralfaggotry. Same shit different style.",10247,94,59935,2018-07-13T13:49:00+00:00,SlayerSlayer,The Satoru Iwata of incels.is,admin,5.0,"Jul 10, 2018",25261.0,"time
11h 19m",2018-07-13 08:06:30+00:00,46,[],[],['WarriorSkull'],[6361],2018-07,2018-07-13 08:06:30+00:00,2018-07-10 00:00:00+00:00,3,9,0.0004415877532996418,onboarding
351,19510,,any other gingercels here?,"At least you're white, so volcel.",1350,102,1140,2017-11-12T03:36:42+00:00,tehgymcel420,From Zabbaleen Egypt,VIPCOSMIC,5.0,"Nov 10, 2017",25555.0,"time
3h 45m",2017-11-11 03:57:42+00:00,4,[],[],[],[],2017-11,2017-11-11 03:57:42+00:00,2017-11-10 00:00:00+00:00,1,3,0.00017121333181143705,onboarding
352,139824,,Status MOGS Height,Status suks! U get crowded and clawed at. Normies ask for special favors that r unrealistic. Others get jealous with envy spreading false rumors. Any flaw is magnified10x and gold diggers stalk you even tho ur not rich. It doesn’t always end well..,3859,85,31153,2018-03-25T06:52:49+00:00,RandomGuy,Paragon,VIPCOSMIC,5.0,"Feb 20, 2018",18553.0,"time
1d 12h",2018-03-24 20:10:04+00:00,20,[],[],[],[],2018-03,2018-03-24 20:10:04+00:00,2018-02-20 00:00:00+00:00,32,132,0.03374233128834356,later
353,13072,,LifeFuel St. Bagelcel (pbuh) abandons gold digging whore,"Oh St. Bagelcel, blessed are you among manlets.",1350,102,131066,2019-07-12T08:02:39+00:00,tehgymcel420,From Zabbaleen Egypt,VIPCOSMIC,5.0,"Nov 10, 2017",25554.0,"time
3h 37m",2019-07-11 06:21:57+00:00,4,[],[],[],[],2019-07,2019-07-11 06:21:57+00:00,2017-11-10 00:00:00+00:00,608,6166,0.3519004679831069,later
354,111263,,Do you have any mental issues?,"Propably slight depression and autism

What isnt considerent normal isnt tolerated

So i enjoy cope",6579,86,41392,2018-05-05T19:23:40+00:00,Izayacel,"Blade HatER """,VIPCOSMIC,5.0,"May 5, 2018",26813.0,"time
1d 16h",2018-05-05 19:05:53+00:00,21,[],[],[],[],2018-05,2018-05-05 19:05:53+00:00,2018-05-05 00:00:00+00:00,0,3,0.00018367721790240617,onboarding
355,36769,,Theory I don’t have the life experience for escorts,"i refuse to feel inadequate when it comes to escorts, like, come on.

my boss stormed into our office once and started talking with some older guy in there about escorts because there was a news item about escorts or some shit, and they talked about 27 year old virgins and how escorts don't want to ""waste time with them""

putting aside these faggots were doing this in an office with virgins even older than that, i thought that was such a gay and tryhard conversation, like being liked by escorts matters and validates you and you can use a Goddamn escort to filter a man's character. fuck that mentality.",6268,96,294347,2021-05-08T23:57:55+00:00,turbocuckcel_7000,‎ ‎ ‎ ‎Yoshika Says: T⭕TAL TR⭕⭕N DE⭕TH,overlord,5.0,"May 2, 2018",35892.0,"time
3d 10h",2021-05-07 22:11:01+00:00,4,[],[],[],[],2021-05,2021-05-07 22:11:01+00:00,2018-05-02 00:00:00+00:00,1101,9807,0.6253666624155082,later
356,111259,,RageFuel Accepting truth HOLY TRINITY LMS IS ALL or Cope,Emotionless*,6579,86,41420,2018-05-05T20:25:38+00:00,Izayacel,"Blade HatER """,VIPCOSMIC,5.0,"May 5, 2018",26813.0,"time
1d 16h",2018-05-05 20:14:01+00:00,27,[],[],[],[],2018-05,2018-05-05 20:14:01+00:00,2018-05-05 00:00:00+00:00,0,13,0.0007959346109104267,onboarding
357,78849,,List all your flaws,"orc-like underbite (unfixable according to my shrugging orthodontist)
droopy sad eyes with bags under them no matter how long I sleep
nonexistent cheekbones
hairy ears (and it's impossible to pluck them every day, I just get ear-stubble)
asymmetric, bulbous  ""aquiline"" nose
lisp (unfixable)
hairy back, hairy neck, basically all hair from by butt to the top of my head
still get the occasional zit, just enough for people to stare but no enough for treatment

And that's just my head.",95,91,293,2020-10-17T17:53:00+00:00,Angry_runt,Cursed OGcel,VIPCOSMIC,5.0,"Nov 7, 2017",12635.0,"time
2h 1m",2017-11-08 18:32:49+00:00,13,[],[],[],[],2017-11,2017-11-08 18:32:49+00:00,2017-11-07 00:00:00+00:00,1,10,0.001007759750075582,onboarding
358,76871,,SuicideFuel the only time females talked to me on dating apps...,Why are you here if you can get matches on Tinder?,95,91,335508,2021-12-08T14:05:50+00:00,Angry_runt,Cursed OGcel,VIPCOSMIC,5.0,"Nov 7, 2017",12635.0,"time
2h 1m",2021-11-25 00:24:12+00:00,8,[],[],['Sadandangrycel'],[29230],2021-11,2021-11-25 00:24:12+00:00,2017-11-07 00:00:00+00:00,1479,8076,0.81386677416104,later
359,116045,,SuicideFuel Got Bullied Yesterday by a Chad and Stacy in Public,"Honestly, fuck chads and stacies, but this is just stupid. This is how you get shit like diseases, and worse, prions.",1769,85,611607,2024-06-09T07:17:04+00:00,AsiaCel,shalom goyim,VIPCOSMIC,5.0,"Nov 24, 2017",30105.0,"time
14h 5m",2024-05-26 03:23:37+00:00,20,[],[],[],[],2024-05,2024-05-26 03:23:37+00:00,2017-11-24 00:00:00+00:00,2375,14965,0.784246934283618,later
360,7024,,JFL Why do the foid on /r/FesikhDatingStrategy think they're so special?,Whores smell like fesikhs.,1350,102,313731,2021-08-22T06:53:25+00:00,tehgymcel420,From Zabbaleen Egypt,VIPCOSMIC,5.0,"Nov 10, 2017",25554.0,"time
3h 29m",2021-08-21 04:49:34+00:00,9,[],[],['0Energy0Happyness'],[33264],2021-08,2021-08-21 04:49:34+00:00,2017-11-10 00:00:00+00:00,1380,11989,0.6842255450291063,later
361,975,,Serious Is it true that Blackops2cel roped?,"But then rose again after 3 days, why are normies denying the truth of his resurrection?",1350,102,688129,2024-12-09T04:31:48+00:00,tehgymcel420,From Zabbaleen Egypt,VIPCOSMIC,5.0,"Nov 10, 2017",25553.0,"time
3h 26m",2024-12-07 02:45:09+00:00,1,[],[],[],[],2024-12,2024-12-07 02:45:09+00:00,2017-11-10 00:00:00+00:00,2584,16756,0.9562835292774797,later
362,139964,,Why does this guy still look bad with a lean face and hollow cheeks?,Chad tryhard fail. Trim the wig.,3859,85,23948,2018-02-22T03:49:39+00:00,RandomGuy,Paragon,VIPCOSMIC,5.0,"Feb 20, 2018",18553.0,"time
1d 12h",2018-02-21 09:28:29+00:00,8,[],[],[],[],2018-02,2018-02-21 09:28:29+00:00,2018-02-20 00:00:00+00:00,1,2,0.0005112474437627812,onboarding
363,131796,,Whose worse? Females or beta cucks?,"Women are bad, I dislike them and their hyped mind bees but beta cucks are the worst, I ABSOLUTELY hate them. Fuck beta white knights, they're the lowest of the lowest - even lower than incels.",1769,85,3789,2017-11-24T10:01:30+00:00,AsiaCel,shalom goyim,VIPCOSMIC,5.0,"Nov 24, 2017",30115.0,"time
15h 15m",2017-11-24 09:59:25+00:00,15,[],[],[],[],2017-11,2017-11-24 09:59:25+00:00,2017-11-24 00:00:00+00:00,0,2,0.00010481081647626035,onboarding
364,37639,,"Toxic Femininity Jailbait, 14, gives birth and then puts baby in freezer to die","yeah, if it takes you that long to find a story. maybe you really are a monkey.",6268,96,254541,2020-11-01T07:28:05+00:00,turbocuckcel_7000,‎ ‎ ‎ ‎Yoshika Says: T⭕TAL TR⭕⭕N DE⭕TH,overlord,5.0,"May 2, 2018",35894.0,"time
3d 10h",2020-11-01 00:57:38+00:00,65,[],[],['ThoughtfulCel'],[21221],2020-11,2020-11-01 00:57:38+00:00,2018-05-02 00:00:00+00:00,914,8977,0.5724397398291035,later
365,68693,,Serious Is There a Way to Fight Back Against Virgin Shaming?,"I think the worst part about being a virgin is the coddling aspect of it. They feel as though you are some kind of fragile child, and that THEY would be the pedophile for associating with you. And it's all because wizard virginity is just not normal.

Normies are scary people. They would literally commit genocide to hold onto their normalcy. And I even see aspects of normaldom seeping among toxic incels, insofar that they lump themselves as an ""normal"" outcast and feel that going ER is the most ""normal"" thing in the world, and subsequently commit a mediocre  and unoriginal shooting. The banality of evil.

 in it, it describes common personality types COs see in prison. It's quite telling, that the most dangerous among these is the ""sheep"" type, because they would do ANYTHING to feel like they belong in a group.",10247,94,59935,2018-07-13T13:49:00+00:00,SlayerSlayer,The Satoru Iwata of incels.is,admin,5.0,"Jul 10, 2018",25261.0,"time
11h 19m",2018-07-13 07:27:40+00:00,42,[],[],['builderseed'],[6620],2018-07,2018-07-13 07:27:40+00:00,2018-07-10 00:00:00+00:00,3,8,0.00039252244737745937,onboarding
366,28833,,Post your country thread,"United States, Texas.",40,100,525,2017-11-10T13:28:40+00:00,ordinaryotaku,Feminists = cultural traitors deserving execution.,VIPCOSMIC,5.0,"Nov 7, 2017",16402.0,"time
11h 5m",2017-11-09 01:24:34+00:00,7,[],[],[],[],2017-11,2017-11-09 01:24:34+00:00,2017-11-07 00:00:00+00:00,2,10,0.0011749500646222536,onboarding
367,74591,,JFL lol @ this incel-faced murderer.,"He did a good job,one less succubus",4004,92,26858,2018-03-07T12:28:07+00:00,Murdoch89,Foids will have sex with me in hell,overlord,5.0,"Feb 24, 2018",7965.0,"time
2h 45m",2018-03-05 22:17:17+00:00,15,[],[],[],[],2018-03,2018-03-05 22:17:17+00:00,2018-02-24 00:00:00+00:00,9,19,0.003273604410751206,onboarding
368,76002,,Venting my parents failed me,"The sex drive is the root of both, otherwise you'd be chasing love and validation from just about anybody and not just foids.",95,91,398494,2022-08-11T00:54:28+00:00,Angry_runt,Cursed OGcel,VIPCOSMIC,5.0,"Nov 7, 2017",12635.0,"time
2h 1m",2022-08-11 00:18:35+00:00,11,[],[],['Lycan'],[38504],2022-08,2022-08-11 00:18:35+00:00,2017-11-07 00:00:00+00:00,1738,8890,0.8958984178171924,later
369,139962,,can jews be chads?,"Ashkenaz origin  in sandbox Israel...

[attachment=2421]",3859,85,24042,2018-02-22T12:58:05+00:00,RandomGuy,Paragon,VIPCOSMIC,5.0,"Feb 20, 2018",18553.0,"time
1d 12h",2018-02-22 00:46:27+00:00,50,[],[],[''],[None],2018-02,2018-02-22 00:46:27+00:00,2018-02-20 00:00:00+00:00,2,10,0.002556237218813906,onboarding
370,135260,,Serious War is coming and killing us is the objective,ER docs worry over extreme heat as mass casualty event.,3859,85,506106,2023-07-19T02:47:54+00:00,RandomGuy,Paragon,VIPCOSMIC,5.0,"Feb 20, 2018",18545.0,"time
1d 11h",2023-07-18 23:26:44+00:00,5,[],[],[],[],2023-07,2023-07-18 23:26:44+00:00,2018-02-20 00:00:00+00:00,1974,2641,0.6751022494887525,later
371,77030,,Even mgtow is getting attacked now,Can confirm. My mom is 55 and still gets messages from thirsty guys on Normiebook.,95,91,23,2021-11-15T03:53:37+00:00,Angry_runt,Cursed OGcel,VIPCOSMIC,5.0,"Nov 7, 2017",12635.0,"time
2h 1m",2017-11-08 16:07:05+00:00,16,[],[],['idkwattodowithlife'],[None],2017-11,2017-11-08 16:07:05+00:00,2017-11-07 00:00:00+00:00,1,7,0.0007054318250529074,onboarding
372,47315,,Neotenous females vs Chiseled stacies,"Just make a bunch of kids with a simple cute woman if you ever actually have the chance, it's a better chance of passing along something like your intelligence than having 0-1 kids with the perfect psychological match.",6268,96,49024,2018-06-04T18:15:06+00:00,turbocuckcel_7000,‎ ‎ ‎ ‎Yoshika Says: T⭕TAL TR⭕⭕N DE⭕TH,overlord,5.0,"May 2, 2018",35896.0,"time
3d 11h",2018-06-03 20:16:50+00:00,20,[],[],['chadlandic'],[8500],2018-06,2018-06-03 20:16:50+00:00,2018-05-02 00:00:00+00:00,32,1,6.376737661012626e-05,onboarding
373,92632,,Guess whos back,Welcome back bruh,6579,86,371916,2025-03-31T03:13:51+00:00,Izayacel,"Blade HatER """,VIPCOSMIC,5.0,"May 5, 2018",26751.0,"time
1d 13h",2022-05-05 04:01:50+00:00,118,[],[],[],[],2022-05,2022-05-05 04:01:50+00:00,2018-05-05 00:00:00+00:00,1461,7100,0.4347027490356946,later
374,111262,,It's Over Why am i here?,"Rope or cope, yea why bother that much, life is preset you either got it or you dont, hard work is just cope if you have wealthy family you have easier acces to superior food gym and can looks max if you rich you dont need to earn respect if your poor your trash

Go monk and die one",6579,86,41408,2018-05-05T20:01:13+00:00,Izayacel,"Blade HatER """,VIPCOSMIC,5.0,"May 5, 2018",26813.0,"time
1d 16h",2018-05-05 19:57:54+00:00,15,[],[],[],[],2018-05,2018-05-05 19:57:54+00:00,2018-05-05 00:00:00+00:00,0,9,0.0005510316537072186,onboarding
375,20389,,SuicideFuel My dad's wisdom on 30yocels (wizards DO NOT ENTER),"""Your friends all have relationships"" is cope though, unless said friends are Chad. Literally every one of my male friends who I grew up around is still a virgin, and I've never seen them with girlfriends.",40,100,172818,2024-01-07T23:18:59+00:00,ordinaryotaku,Feminists = cultural traitors deserving execution.,VIPCOSMIC,5.0,"Nov 7, 2017",16395.0,"time
10h 36m",2020-01-21 18:05:18+00:00,44,[],[],[],[],2020-01,2020-01-21 18:05:18+00:00,2017-11-07 00:00:00+00:00,805,4734,0.5562213605921749,later
376,86516,,IT asks: do incels realize repealing Roe v Wade is bad for them too? My answer: it can't get worse,"If anything, the Roe v Wade decision brought out a lot of foids' innermost beliefs
In liberal societies, foids basically regress to their primeval hunter-gatherer mate selection: fucking the strongest (or the apparently strongest) male",12726,88,385277,2022-08-11T01:35:21+00:00,andinocel,Overlord,overlord,5.0,"Aug 18, 2018",5661.0,"time
1h 27m",2022-06-25 02:36:59+00:00,7,[],[],"['Balding Subhuman', 'TheBlackpillMan']","[39282, 43440]",2022-06,2022-06-25 02:36:59+00:00,2018-08-18 00:00:00+00:00,1407,2343,0.6824934459656278,later
377,28819,,Middle/Early high school was the easiest time to get a girlfriend if you weren't ugly,"I'd say the opposite.

Girls are so goddamn entitled in middle/high school, or at least in mine. If you're not a 7/10+, scrawny, tanned twink in my school who wears Supreme and BAPE then it's over.

I've been called ugly by over FIFTY high school girls. FIFTY.",40,100,1112,2017-11-11T11:08:46+00:00,ordinaryotaku,Feminists = cultural traitors deserving execution.,VIPCOSMIC,5.0,"Nov 7, 2017",16402.0,"time
11h 5m",2017-11-11 03:32:28+00:00,9,[],[],[],[],2017-11,2017-11-11 03:32:28+00:00,2017-11-07 00:00:00+00:00,4,44,0.005169780284337916,later
378,54662,,RageFuel The real problem with liberals,I WANT PUSSY RIGHT NOW. RIGHT NOW SEND ME PUSSY ON DOORDASH,10247,94,513199,2023-08-08T04:38:36+00:00,SlayerSlayer,The Satoru Iwata of incels.is,admin,5.0,"Jul 10, 2018",25254.0,"time
11h 1m",2023-08-08 04:27:02+00:00,4,[],[],['CopingForBrutality'],[42193],2023-08,2023-08-08 04:27:02+00:00,2018-07-10 00:00:00+00:00,1855,13852,0.6796526176340709,later
379,40678,,Blackpill The Sexy Son Hypothesis,"yes, attractiveness and pre-selection and mate poaching
this is why women so often ""hate"" the guy that they're allowing to fuck them raw",6268,96,155873,2019-11-06T14:30:22+00:00,turbocuckcel_7000,‎ ‎ ‎ ‎Yoshika Says: T⭕TAL TR⭕⭕N DE⭕TH,overlord,5.0,"May 2, 2018",35894.0,"time
3d 10h",2019-11-06 13:20:18+00:00,3,['en.m.wikipedia.org'],['https://en.m.wikipedia.org/wiki/Sexy_son_hypothesis'],['BlackPill Scholar'],[22056],2019-11,2019-11-06 13:20:18+00:00,2018-05-02 00:00:00+00:00,553,6319,0.40294605279938783,later
380,83660,,LifeFuel Why divorce rape is good,"What makes any of them ""beta""?",95,91,91385,2018-11-27T10:03:10+00:00,Angry_runt,Cursed OGcel,VIPCOSMIC,5.0,"Nov 7, 2017",12635.0,"time
2h 1m",2018-11-27 10:03:10+00:00,5,[],[],['owly'],[15460],2018-11,2018-11-27 10:03:10+00:00,2017-11-07 00:00:00+00:00,385,1729,0.17424166078806813,later
381,139966,,Whats your current LDAR setup?,"[font=Helvetica, Arial, sans-serif]Age: 50[/font]
[font=Helvetica, Arial, sans-serif]Living area: Own house[/font]
[font=Helvetica, Arial, sans-serif]Food: gastronome[/font]
[font=Helvetica, Arial, sans-serif]Time spent LDARing: retired rotter for 4.7 years.[/font]
[font=Helvetica, Arial, sans-serif]Future plans: find foreign gf.[/font]",3859,85,23902,2018-02-22T02:56:41+00:00,RandomGuy,Paragon,VIPCOSMIC,5.0,"Feb 20, 2018",18553.0,"time
1d 12h",2018-02-21 04:37:31+00:00,16,[],[],[],[],2018-02,2018-02-21 04:37:31+00:00,2018-02-20 00:00:00+00:00,1,0,0.0,onboarding
382,82851,,LifeFuel Degenerate porn hole crying because she caught HIV.,", HIV transmission risk from unprotected vaginal sex is 8 in 10000 for women and 4 in 10000 for men. So yeah, it's pretty much a gay men's disease that will occasionally spread to a foid when Chad is so bored of normal sex with her he decides to stick it up her ass.",95,91,109310,2019-02-27T00:37:15+00:00,Angry_runt,Cursed OGcel,VIPCOSMIC,5.0,"Nov 7, 2017",12635.0,"time
2h 1m",2019-02-26 16:31:20+00:00,14,[],[],['masterwizard'],[4818],2019-02,2019-02-26 16:31:20+00:00,2017-11-07 00:00:00+00:00,476,2561,0.25808727199435655,later
383,74585,,I feel like I dislike women as a whole gender than individual women.,99.99% of women I hate,4004,92,26841,2018-03-08T03:43:44+00:00,Murdoch89,Foids will have sex with me in hell,overlord,5.0,"Feb 24, 2018",7965.0,"time
2h 45m",2018-03-05 21:10:35+00:00,5,[],[],[],[],2018-03,2018-03-05 21:10:35+00:00,2018-02-24 00:00:00+00:00,9,13,0.0022398345968297727,onboarding
384,86280,,Serious Why don’t you NEET?,"I can't. I'm a man that lives in burgerland and in a red state to boot.....if I don't work, I literally starve. I can cheat the system, but if I do that, I would have brutally violent niggers as neighbors, and I don't wish to repeat those horrible first 20-something years of my life",12726,88,453962,2023-01-30T07:15:53+00:00,andinocel,Overlord,overlord,5.0,"Aug 18, 2018",5661.0,"time
1h 27m",2023-01-29 23:35:06+00:00,8,[],[],[],[],2023-01,2023-01-29 23:35:06+00:00,2018-08-18 00:00:00+00:00,1625,2658,0.7742499271773958,later
385,714,,Serious Did you know that 80% of men have bad personalities,You know him irl?,1350,102,725674,2025-03-21T02:16:35+00:00,tehgymcel420,From Zabbaleen Egypt,VIPCOSMIC,5.0,"Nov 10, 2017",25553.0,"time
3h 26m",2025-03-20 05:10:49+00:00,16,[],[],['universallyabhorres'],[73424],2025-03,2025-03-20 05:10:49+00:00,2017-11-10 00:00:00+00:00,2687,16972,0.9686108891679032,later
386,55137,,I'm mentally stuck in the past.  This is the fate of all oldcels.,"FUCK. The problem with the current internet age is that it's completely curated by JEWS.

Gen Z will NEVER know what it's like to run across a Geocities website run by an anime fan with pure intentions. AIM, Myspace really felt local. But now everything is GLOBAL and ATOMIZED. Everything is JEWIFIED with polish into some clout or monetization scheme with strict rules to not be offensive to woke Jewish women.",10247,94,479874,2023-06-07T22:33:21+00:00,SlayerSlayer,The Satoru Iwata of incels.is,admin,5.0,"Jul 10, 2018",25254.0,"time
11h 1m",2023-04-23 09:33:53+00:00,8,[],[],[],[],2023-04,2023-04-23 09:33:53+00:00,2018-07-10 00:00:00+00:00,1748,13104,0.6429517688042785,later
387,20452,,if they ban this forum... whats going to happen?,"A different host, of course.

Let's just hope the the admins have hard code written down as a backup.",40,100,438,2023-10-07T01:49:13+00:00,ordinaryotaku,Feminists = cultural traitors deserving execution.,VIPCOSMIC,5.0,"Nov 7, 2017",16395.0,"time
10h 36m",2017-11-08 23:54:27+00:00,15,[],[],[],[],2017-11,2017-11-08 23:54:27+00:00,2017-11-07 00:00:00+00:00,1,2,0.0002349900129244507,onboarding
388,77940,,"So, how are you coping after The Purge?","Please, my life has been a carnival of misery for 30 years (okay maybe 25) so what's one more shitty thing that happened?",95,91,146,2021-05-05T23:09:16+00:00,Angry_runt,Cursed OGcel,VIPCOSMIC,5.0,"Nov 7, 2017",12635.0,"time
2h 1m",2017-11-08 14:19:41+00:00,4,[],[],[],[],2017-11,2017-11-08 14:19:41+00:00,2017-11-07 00:00:00+00:00,1,2,0.0002015519500151164,onboarding
389,74570,,"RageFuel Stupid sluts at my gym, there needs to be an all male gym only",Do a George sodini,4004,92,26751,2018-03-13T10:26:29+00:00,Murdoch89,Foids will have sex with me in hell,overlord,5.0,"Feb 24, 2018",7965.0,"time
2h 45m",2018-03-05 21:06:46+00:00,43,[],[],[],[],2018-03,2018-03-05 21:06:46+00:00,2018-02-24 00:00:00+00:00,9,12,0.002067539627842867,onboarding
390,74565,,I want to beat a woman,I once punched a slut for rejecting me in a nightclub,4004,92,24777,2018-03-14T15:37:05+00:00,Murdoch89,Foids will have sex with me in hell,overlord,5.0,"Feb 24, 2018",7965.0,"time
2h 45m",2018-02-24 17:33:03+00:00,7,[],[],[],[],2018-02,2018-02-24 17:33:03+00:00,2018-02-24 00:00:00+00:00,0,3,0.0005168849069607167,onboarding
391,88870,,SuicideFuel What is the worst type of ethnicity for inceldom?,"As a Colombian, I'm surprised nobody said Mestizos yet - I say we're at the low end, a little better than Southeast Asians, but not by much. 
Indians and Northeast Asians have the reputation of being ambitious and studious, at least. 
Blacks have the reputation of being well-endowed, athletic and smooth talking. 
And of course, JBW. 
Us? South and Central American men are perceived as being stupid, short, dark and poor (this does not apply to European-descended Argentinians, they tend to do well).

A fair number of Colombians where I live, and they love white guys, I'd say ~80% of Colombian foids I know are dating and/or married to white Chads; Colombians are textbook JBW territory. If a single Colombian foid migrates it can be damn near guaranteed that she will settle down with someone outside of her nationality. They justify their mate choices by saying their men are brutes, but in reality, most Colombian guys are total cucks (check out the World Values Survey and the Colombian answers regarding gender roles, if you don't believe me).",12726,88,68464,2018-08-21T04:25:02+00:00,andinocel,Overlord,overlord,5.0,"Aug 18, 2018",5661.0,"time
1h 27m",2018-08-20 00:14:11+00:00,27,[],[],[],[],2018-08,2018-08-20 00:14:11+00:00,2018-08-18 00:00:00+00:00,2,7,0.00203903291581707,onboarding
392,74599,,Elliot Rodger Vs Nikolas Cruz,"George sodini also,he rarely gets mentioned",4004,92,24838,2018-02-25T07:46:27+00:00,Murdoch89,Foids will have sex with me in hell,overlord,5.0,"Feb 24, 2018",7965.0,"time
2h 45m",2018-02-25 04:19:15+00:00,23,[],[],[],[],2018-02,2018-02-25 04:19:15+00:00,2018-02-24 00:00:00+00:00,1,9,0.0015506547208821502,onboarding
393,39937,,LifeFuel Merry Christmas Eve,"almost able to start coping at home, thanks for reminding",6268,96,166264,2019-12-24T20:24:30+00:00,turbocuckcel_7000,‎ ‎ ‎ ‎Yoshika Says: T⭕TAL TR⭕⭕N DE⭕TH,overlord,5.0,"May 2, 2018",35894.0,"time
3d 10h",2019-12-24 10:42:30+00:00,8,[],[],[],[],2019-12,2019-12-24 10:42:30+00:00,2018-05-02 00:00:00+00:00,601,6970,0.44445861497258005,later
394,110227,,It's Over Bigcitycels have no chance.,"23k population here, im marked propably but who cares no one to.impress or owe shit anyways",6579,86,41518,2018-07-11T09:03:37+00:00,Izayacel,"Blade HatER """,VIPCOSMIC,5.0,"May 5, 2018",26813.0,"time
1d 16h",2018-05-06 01:02:13+00:00,5,[],[],[],[],2018-05,2018-05-06 01:02:13+00:00,2018-05-05 00:00:00+00:00,1,19,0.0011632890467152392,onboarding
395,46302,,It's Over Im too shy to have sex with a girl,"that's ridiculous

your main problem will be getting it up for a pig in the first place",6268,96,75590,2018-09-21T16:56:14+00:00,turbocuckcel_7000,‎ ‎ ‎ ‎Yoshika Says: T⭕TAL TR⭕⭕N DE⭕TH,overlord,5.0,"May 2, 2018",35895.0,"time
3d 11h",2018-09-19 06:59:59+00:00,5,[],[],[],[],2018-09,2018-09-19 06:59:59+00:00,2018-05-02 00:00:00+00:00,140,975,0.062173192194873106,later
396,122919,,RageFuel Bugmen cop fighting ricecel over mask in 2023,"I noticed this too. The oldfags are both sides of extreme. Either pro mask to the side of paranoidness and kareny, or don't care.",1769,85,448386,2023-01-18T02:55:49+00:00,AsiaCel,shalom goyim,VIPCOSMIC,5.0,"Nov 24, 2017",30106.0,"time
14h 18m",2023-01-13 04:47:04+00:00,14,[],[],['subzero'],[41222],2023-01,2023-01-13 04:47:04+00:00,2017-11-24 00:00:00+00:00,1876,8643,0.4529399434021591,later
397,125593,,"Guard asked if I am a ""Man"" because I didn't helped a roastie","Long time r/incels lurker and recent poster.

So coming home to my shitty apartment, being relatively cold here (most people in my country can't sustain a little cold). The woman with bags, probably going home to her betabux husband, opened the door instead of me; naturally those who were first at the door opens first. I went to the building and the security guard told me ""Are you a man? Why don't you help open the door? You're on your phone playing game all day"" (translated from my language). 

Naturally, being autismcel myself I just gave him a smile and left to my elevator.

I'm being bullied even on my way back home by someone whose I face everyday, this is fucking ridiculous why should I as a incel help some roastie slut that has been fucked by chads? Fuck you weak roasties fuck you society fuck you security guard.",1769,85,3804,2022-04-24T14:40:38+00:00,AsiaCel,shalom goyim,VIPCOSMIC,5.0,"Nov 24, 2017",30107.0,"time
14h 35m",2017-11-24 09:52:38+00:00,1,[],[],[],[],2017-11,2017-11-24 09:52:38+00:00,2017-11-24 00:00:00+00:00,0,1,5.2405408238130174e-05,onboarding
398,88884,,Is this real life?..... Tattoo Degeneracy,"I love how in Japan having a tattoo is still associated with criminality (and I hope it stays that way). I smile ear to ear when I read about some poor, discriminated gaijin that was denied entrance to an establishment because of ""muh tattoos!""",12726,88,63280,2018-08-19T16:48:53+00:00,andinocel,Overlord,overlord,5.0,"Aug 18, 2018",5661.0,"time
1h 27m",2018-08-19 16:38:23+00:00,18,[],[],['Zesto'],[5179],2018-08,2018-08-19 16:38:23+00:00,2018-08-18 00:00:00+00:00,1,3,0.000873871249635887,onboarding
399,42856,,LifeFuel I will approach 1000 girls and find a GF,"This thread is an inspiration and it's helping me break out of my shell too, I think you should keep it up, but also change a few things:
1. Do something offbeat but natural that you can talk about, like have lunch in a weird place or in a very crowded spot where you had to sit down at a strangers table and talk to them a little
2. Get better sleep than usual

I've been doing that and feeling less inhibition and like I can talk to girls better.",6268,96,46003,2019-07-21T14:46:12+00:00,turbocuckcel_7000,‎ ‎ ‎ ‎Yoshika Says: T⭕TAL TR⭕⭕N DE⭕TH,overlord,5.0,"May 2, 2018",35894.0,"time
3d 11h",2018-06-10 09:34:53+00:00,244,[],[],[],[],2018-06,2018-06-10 09:34:53+00:00,2018-05-02 00:00:00+00:00,39,2,0.00012753475322025253,onboarding
400,118331,,Blackpill [SCIENCE] I have cracked the password behind the noodle traitor problem,"Yes. That's why many asian countries does not have anything ethnonationalistic, or at least didn't take off (there are exceptions though).

However, there are still GG carriers in these countries, which, I assume, are more loyal to their people",1769,85,573789,2024-02-12T16:06:23+00:00,AsiaCel,shalom goyim,VIPCOSMIC,5.0,"Nov 24, 2017",30105.0,"time
14h 6m",2024-02-12 13:26:33+00:00,14,[],[],['KillNiggers'],[50723],2024-02,2024-02-12 13:26:33+00:00,2017-11-24 00:00:00+00:00,2271,13018,0.6822136044439786,later
401,83747,,SuicideFuel i dont think anymore that SEA is the solution.,"that may be true (or not), but the point is you're not a part of the masculine club if you're an incel. in fact those testosterone worshipers hate us more than they hate effeminate men. jfl incels worshiping at the same altar.",95,91,88717,2018-11-14T03:34:23+00:00,Angry_runt,Cursed OGcel,VIPCOSMIC,5.0,"Nov 7, 2017",12635.0,"time
2h 1m",2018-11-13 11:59:17+00:00,19,[],[],['Insomniac'],[14776],2018-11,2018-11-13 11:59:17+00:00,2017-11-07 00:00:00+00:00,371,1651,0.1663811347374786,later
402,30067,,do you guys like goatis ?,"it's funny when he talks about people being slaves, but he pushes every single point that he makes all the way into absurdity and it's tiring",6268,96,813903,2025-11-25T04:45:39+00:00,turbocuckcel_7000,‎ ‎ ‎ ‎Yoshika Says: T⭕TAL TR⭕⭕N DE⭕TH,overlord,5.0,"May 2, 2018",35879.0,"time
3d 7h",2025-11-24 12:43:41+00:00,13,[],[],[],[],2025-11,2025-11-24 12:43:41+00:00,2018-05-02 00:00:00+00:00,2763,14802,0.9438847085830889,later
403,134042,,Punishment,"High Watchtower




Hara was thought to be situated at the center of the seven climes that formed the world. It is the source of all waters and from its peak would flow into the world ocean. Night and day were caused by the mountain blocking the sun during the daily cycle. Its peak was supposed to be a place of primordial purity, unaffected by darkness, diseases or pollution. It was also the place from where the dead could pass the .

Due to its centrality in the cosmic world order, Mount Hara has been compared to Mount Meru found in the closely-related Old Indic texts.",3859,85,634025,2024-08-01T08:31:23+00:00,RandomGuy,Paragon,VIPCOSMIC,5.0,"Feb 20, 2018",18539.0,"time
1d 11h",2024-07-24 12:54:02+00:00,4,[],[],[],[],2024-07,2024-07-24 12:54:02+00:00,2018-02-20 00:00:00+00:00,2346,3085,0.78859918200409,later
404,87391,,"Normie trait: Not understanding the meaning of ""average""","Tell them that women only date men of a certain height, and they'll say:


Tell them that IQ is genetic and that certain races have lower IQ's than whites and East Asians, and that STEM is dominated by Asians and white males for a reason:


Tell them that women are hypergamous:



It's a lost cause trying to explain averages to normies. They don't understand averages because they think like foids, and foids generally have a shitty understanding of math. Also, normies  believe in the Just World Hypothesis, and refuse to believe that in the end, we're just numbers, and the vast majority of us will fall into demographic destiny. Incels, after years of being disrespected, mocked, ridiculed, and rejected, are forced to see the world the way it really is",12726,88,263062,2020-12-07T03:19:25+00:00,andinocel,Overlord,overlord,5.0,"Aug 18, 2018",5661.0,"time
1h 27m",2020-12-07 00:05:30+00:00,14,[],[],[],[],2020-12,2020-12-07 00:05:30+00:00,2018-08-18 00:00:00+00:00,842,1551,0.4517914360617536,later
405,79252,,Anyone here has stretch marks on their body?,I got stretch marks from lifting that are still visible after 15 years because I was growing fast as fuck. No one ever commented on them because no one cares.,95,91,234023,2020-08-24T02:57:32+00:00,Angry_runt,Cursed OGcel,VIPCOSMIC,5.0,"Nov 7, 2017",12635.0,"time
2h 1m",2020-08-22 07:54:23+00:00,3,[],[],[],[],2020-08,2020-08-22 07:54:23+00:00,2017-11-07 00:00:00+00:00,1019,5940,0.5986092915448957,later
406,135543,,Discussion Where do you find disabled women?,I’ll never have some things in burgerland.,3859,85,476459,2023-04-10T20:25:24+00:00,RandomGuy,Paragon,VIPCOSMIC,5.0,"Feb 20, 2018",18547.0,"time
1d 12h",2023-04-10 20:23:31+00:00,14,[],[],['Robb97'],[51732],2023-04,2023-04-10 20:23:31+00:00,2018-02-20 00:00:00+00:00,1875,2515,0.6428936605316974,later
407,4869,,"Serious We should be shaming females for their stinky roast roast beef flaps, maybe then they will lower their standards",What can I do?,1350,102,406633,2022-09-22T01:58:34+00:00,tehgymcel420,From Zabbaleen Egypt,VIPCOSMIC,5.0,"Nov 10, 2017",25554.0,"time
3h 29m",2022-09-07 00:36:19+00:00,9,[],[],['HopefulManlet'],[45535],2022-09,2022-09-07 00:36:19+00:00,2017-11-10 00:00:00+00:00,1762,13539,0.7726857664650154,later
408,68682,,Serious What would you do if they shut down this site?,I'm presenting you with a hypothetical situation. What if they just decided to censor all forms of inceldom?,10247,94,60796,2018-07-16T13:40:01+00:00,SlayerSlayer,The Satoru Iwata of incels.is,admin,5.0,"Jul 10, 2018",25261.0,"time
11h 19m",2018-07-16 11:48:41+00:00,3,[],[],['Dungcel'],[7917],2018-07,2018-07-16 11:48:41+00:00,2018-07-10 00:00:00+00:00,6,18,0.0008831755065992836,onboarding
409,74571,,Serious Do good women exist,Nuns,4004,92,26618,2018-03-13T09:02:27+00:00,Murdoch89,Foids will have sex with me in hell,overlord,5.0,"Feb 24, 2018",7965.0,"time
2h 45m",2018-03-05 21:22:45+00:00,23,[],[],[],[],2018-03,2018-03-05 21:22:45+00:00,2018-02-24 00:00:00+00:00,9,16,0.0027567195037904893,onboarding
410,71063,,"Serious bluepillers, is there gonna be an incel uprising?",No uprising it should be an insurgency,4004,92,333532,2021-11-17T17:13:50+00:00,Murdoch89,Foids will have sex with me in hell,overlord,5.0,"Feb 24, 2018",7965.0,"time
2h 44m",2021-11-17 17:09:27+00:00,8,[],[],[],[],2021-11,2021-11-17 17:09:27+00:00,2018-02-24 00:00:00+00:00,1362,3608,0.6216402481047554,later
411,9385,,JFL Baldcel copes,"My hairline has begun to recede, I just accept it by realizing that I'm 0/10 with hair and will be 0/10 without hair.",1350,102,245047,2020-09-25T17:09:31+00:00,tehgymcel420,From Zabbaleen Egypt,VIPCOSMIC,5.0,"Nov 10, 2017",25554.0,"time
3h 37m",2020-09-25 17:09:31+00:00,16,[],[],[],[],2020-09,2020-09-25 17:09:31+00:00,2017-11-10 00:00:00+00:00,1050,9719,0.5546741239584523,later
412,131792,,Imagine a Society Where Whores/Adulteresses are Shamed and Imprisoned,Going to go back to 100 years ago for my country. Arranged marriages ftw.,1769,85,3752,2017-11-24T10:49:08+00:00,AsiaCel,shalom goyim,VIPCOSMIC,5.0,"Nov 24, 2017",30115.0,"time
15h 15m",2017-11-24 10:49:08+00:00,5,[],[],[],[],2017-11,2017-11-24 10:49:08+00:00,2017-11-24 00:00:00+00:00,0,16,0.0008384865318100828,onboarding
413,80726,,Based Blue pilled therapist doesn’t want to take the black pill,"Jfl trying to blackpill a therapist. It's her job to do the opposite to you and she's probably smarter and more experienced.


This. Tell her you want to give her a pearl necklace.",95,91,168494,2020-01-03T07:27:15+00:00,Angry_runt,Cursed OGcel,VIPCOSMIC,5.0,"Nov 7, 2017",12635.0,"time
2h 1m",2020-01-02 22:42:33+00:00,3,[],[],['frustratedhapa'],[19430],2020-01,2020-01-02 22:42:33+00:00,2017-11-07 00:00:00+00:00,786,4554,0.45893379018442004,later
414,52038,,Brutal How to know if you are a sub 5 male,"Havent even finished the video, but that ONE WORD ANSWER pill is fucking brutal",10247,94,637591,2024-08-01T20:07:50+00:00,SlayerSlayer,The Satoru Iwata of incels.is,admin,5.0,"Jul 10, 2018",25254.0,"time
11h 1m",2024-08-01 20:00:37+00:00,1,[],[],[],[],2024-08,2024-08-01 20:00:37+00:00,2018-07-10 00:00:00+00:00,2214,16283,0.7989303763308965,later
415,131784,,Today I just had the biggest confirmation that I'm an incel,"I have a fake instagram account for fappings and i can relate to you. It's fucking over everyone but the autistics has a great life ahead, girlfriend, some roasties under the age of 20 even have kids now. Fuck them all.",1769,85,3802,2017-11-24T16:02:39+00:00,AsiaCel,shalom goyim,VIPCOSMIC,5.0,"Nov 24, 2017",30115.0,"time
15h 15m",2017-11-24 10:08:35+00:00,10,[],[],[],[],2017-11,2017-11-24 10:08:35+00:00,2017-11-24 00:00:00+00:00,0,5,0.0002620270411906509,onboarding
416,111248,,Opinion of your own looks,"Height below 5'8 im 5'7 or 174cm
Got wheight over the years
Got black gene but the latina one, my fckn sister got the dark one FOR WHAT I  NEEDED IT NOT HER..
Got the D But aint shit without looks
Bad genes
Brown eyes
...

Not quite subhuman but seemingly near to it",6579,86,41427,2018-05-05T22:48:18+00:00,Izayacel,"Blade HatER """,VIPCOSMIC,5.0,"May 5, 2018",26813.0,"time
1d 16h",2018-05-05 19:31:01+00:00,11,[],[],[],[],2018-05,2018-05-05 19:31:01+00:00,2018-05-05 00:00:00+00:00,0,6,0.00036735443580481234,onboarding
417,103064,,Serious Saying normies get laid is like denying the blackpill and hypergamy,"normies are betabuxing doormats 

that put up with shit .

thats what society wants them to do , and thats what they got indoctrinated with .",6579,86,351893,2022-03-03T19:10:16+00:00,Izayacel,"Blade HatER """,VIPCOSMIC,5.0,"May 5, 2018",26783.0,"time
1d 15h",2022-02-03 19:15:32+00:00,16,[],[],[],[],2022-02,2022-02-03 19:15:32+00:00,2018-05-05 00:00:00+00:00,1370,6390,0.39123247413212514,later
418,72781,,"RageFuel Out of every type of girl I hate, I absolutely ABHOR college whores.","I find most women the same,virgin ones and dead ones are the good ones",4004,92,134346,2019-07-28T21:33:34+00:00,Murdoch89,Foids will have sex with me in hell,overlord,5.0,"Feb 24, 2018",7965.0,"time
2h 44m",2019-07-27 15:44:18+00:00,28,[],[],[],[],2019-07,2019-07-27 15:44:18+00:00,2018-02-24 00:00:00+00:00,518,1896,0.326671261199173,later
419,15588,,Serious Situation in Greece. I always hear it's gigafucked. Elab.,Why?,1350,102,74265,2018-09-14T11:51:29+00:00,tehgymcel420,From Zabbaleen Egypt,VIPCOSMIC,5.0,"Nov 10, 2017",25554.0,"time
3h 37m",2018-09-14 05:01:33+00:00,23,[],[],['DonkeyPunch'],[3673],2018-09,2018-09-14 05:01:33+00:00,2017-11-10 00:00:00+00:00,308,3786,0.21607122474603355,later
420,114822,,Serious To Ukraincels - Traitor foids should be killed as a military strategy,"A  is a  of destroying everything that allows an enemy military force to be able to fight a war, including the deprivation and destruction of water, food, humans, animals, plants and any kind of  and . 

Not only is killing traitor foids a valid military strategy, but also denies the enemy an advantage.",1769,85,664940,2024-10-06T17:23:38+00:00,AsiaCel,shalom goyim,VIPCOSMIC,5.0,"Nov 24, 2017",30104.0,"time
13h 40m",2024-10-06 16:56:54+00:00,1,[],[],[],[],2024-10,2024-10-06 16:56:54+00:00,2017-11-24 00:00:00+00:00,2508,16144,0.8460329105963735,later
421,74595,,Serious Easiest way to kill yourself?,By not drinking water for 3 days,4004,92,26274,2018-03-05T21:30:29+00:00,Murdoch89,Foids will have sex with me in hell,overlord,5.0,"Feb 24, 2018",7965.0,"time
2h 45m",2018-03-05 21:19:34+00:00,37,[],[],[],[],2018-03,2018-03-05 21:19:34+00:00,2018-02-24 00:00:00+00:00,9,15,0.002584424534803584,onboarding
422,86866,,I saw a cringey video about a Mormon incel in denial,"Skippy was raised Mormon; if he couldn't find a Mormon foid, it's over

Serious question though -- why do you hate Mormons? They seem kind of based, from what little I know",12726,88,321260,2021-11-24T09:57:14+00:00,andinocel,Overlord,overlord,5.0,"Aug 18, 2018",5661.0,"time
1h 27m",2021-09-26 23:11:28+00:00,3,[],[],['Incellectual'],[7676],2021-09,2021-09-26 23:11:28+00:00,2018-08-18 00:00:00+00:00,1135,2007,0.5846198660064084,later
423,18607,,Would you beat women if it was socially acceptable?,"If society allowed you to hit women for disobeying you, would you?",1350,102,1158,2018-03-18T00:29:09+00:00,tehgymcel420,From Zabbaleen Egypt,VIPCOSMIC,5.0,"Nov 10, 2017",25554.0,"time
3h 37m",2017-11-11 04:08:45+00:00,1,[],[],[],[],2017-11,2017-11-11 04:08:45+00:00,2017-11-10 00:00:00+00:00,1,4,0.0002282844424152494,onboarding
424,131795,,The is seriously the least racist group online.,"Agreed. To us Asian males, we are utterly FUCKED in the dating department with the WMAF going on, and I say that as someone from ASIA!! 

Liberals, right wingers all hate us, with our Asian counterpart and feminists throwing us under the bus. 

Being a Asian Male is Incel on steroids, we can compensate by being 6'2+, rich, 8/10+ facial, but we wouldn't been here if we have these.",1769,85,3801,2017-11-24T10:05:10+00:00,AsiaCel,shalom goyim,VIPCOSMIC,5.0,"Nov 24, 2017",30115.0,"time
15h 15m",2017-11-24 10:05:10+00:00,6,[],[],[],[],2017-11,2017-11-24 10:05:10+00:00,2017-11-24 00:00:00+00:00,0,3,0.00015721622471439052,onboarding
425,71414,,Blackpill Society in 10 years.,Must now form an insurgent group before that happens,4004,92,158029,2020-11-19T23:14:22+00:00,Murdoch89,Foids will have sex with me in hell,overlord,5.0,"Feb 24, 2018",7965.0,"time
2h 44m",2019-11-16 12:34:21+00:00,12,[],[],[],[],2019-11,2019-11-16 12:34:21+00:00,2018-02-24 00:00:00+00:00,630,2498,0.43039283252929017,later
426,90290,,[NSFW] My first time with an escort,"congrats . Hope this made you feel at Ease or Relieved """,6579,86,569218,2026-02-11T07:45:29+00:00,Izayacel,"Blade HatER """,VIPCOSMIC,5.0,"May 5, 2018",26747.0,"time
1d 12h",2024-01-29 21:53:13+00:00,51,[],[],[],[],2024-01,2024-01-29 21:53:13+00:00,2018-05-05 00:00:00+00:00,2095,11762,0.7201371456560338,later
427,138658,,LifeFuel The Coronovirus is based,This is ‘our time’ you rotten hoe!,3859,85,186928,2020-03-18T09:05:35+00:00,RandomGuy,Paragon,VIPCOSMIC,5.0,"Feb 20, 2018",18551.0,"time
1d 12h",2020-03-17 15:29:15+00:00,3,[],[],[],[],2020-03,2020-03-17 15:29:15+00:00,2018-02-20 00:00:00+00:00,756,908,0.23210633946830267,later
428,111243,,RageFuel Women Are The Enemy,They will never get it,6579,86,41495,2018-05-06T12:30:59+00:00,Izayacel,"Blade HatER """,VIPCOSMIC,5.0,"May 5, 2018",26813.0,"time
1d 16h",2018-05-06 00:40:23+00:00,16,[],[],[],[],2018-05,2018-05-06 00:40:23+00:00,2018-05-05 00:00:00+00:00,1,17,0.0010408375681136349,onboarding
429,27418,,JFL Fakecels aren't getting more common,I mean I would consider anyone who is sub-8 nowadays an incel. I've seen 7s on here but not any 8s. We all need to understand that women's expectations are rising steadily year after year.,40,100,61349,2018-07-19T15:15:45+00:00,ordinaryotaku,Feminists = cultural traitors deserving execution.,VIPCOSMIC,5.0,"Nov 7, 2017",16402.0,"time
11h 4m",2018-07-19 01:07:55+00:00,7,[],[],[],[],2018-07,2018-07-19 01:07:55+00:00,2017-11-07 00:00:00+00:00,254,1479,0.1737751145576313,later
430,112377,,News More than 100 women raped and burned alive in Goma Prison jailbreak in the Congo,least violent nigger,1769,85,709890,2025-08-12T22:06:53+00:00,AsiaCel,shalom goyim,VIPCOSMIC,5.0,"Nov 24, 2017",30102.0,"time
13h 29m",2025-02-06 00:46:01+00:00,4,[],[],[],[],2025-02,2025-02-06 00:46:01+00:00,2017-11-24 00:00:00+00:00,2631,16961,0.8888481291269259,later
431,85379,,[NEWS] Banning of /Incels Makes it to The Website of The New York Times,"When they posted pics of threads from r/incels, the titles were pretty tame.

The inflammatory titles came from a screenshot of r/inceltears.

Doesn't matter though. It's all publicity, and due to runaway hypergamy there will be more incels every day.",95,91,913,2017-11-11T02:20:59+00:00,Angry_runt,Cursed OGcel,VIPCOSMIC,5.0,"Nov 7, 2017",12635.0,"time
2h 1m",2017-11-11 02:20:59+00:00,22,[],[],[],[],2017-11,2017-11-11 02:20:59+00:00,2017-11-07 00:00:00+00:00,4,14,0.0014108636501058147,onboarding
432,20573,,Fucking Little Virgin Incels Get a Life,"Lol, what a very frail and a general normie-esque attempt to troll.",40,100,532,2023-05-23T22:19:07+00:00,ordinaryotaku,Feminists = cultural traitors deserving execution.,VIPCOSMIC,5.0,"Nov 7, 2017",16396.0,"time
10h 39m",2017-11-09 01:42:32+00:00,6,[],[],[],[],2017-11,2017-11-09 01:42:32+00:00,2017-11-07 00:00:00+00:00,2,15,0.0017624250969333803,onboarding
433,69160,,Opinion about Nofap?,"I'm in favour of it, in the end of the day it's nothing really",4004,92,609102,2024-06-05T09:40:52+00:00,Murdoch89,Foids will have sex with me in hell,overlord,5.0,"Feb 24, 2018",7965.0,"time
2h 42m",2024-05-18 13:02:20+00:00,15,[],[],[],[],2024-05,2024-05-18 13:02:20+00:00,2018-02-24 00:00:00+00:00,2275,5375,0.9260854583046175,later
434,110367,,It's Over There's not a single woman alive in the west who thinks she does not deserve chad,cope,6579,86,56425,2018-06-30T15:06:05+00:00,Izayacel,"Blade HatER """,VIPCOSMIC,5.0,"May 5, 2018",26813.0,"time
1d 16h",2018-06-30 14:28:21+00:00,33,[],[],['Chadani'],[9666],2018-06,2018-06-30 14:28:21+00:00,2018-05-05 00:00:00+00:00,56,938,0.05742974346415233,later
435,19513,,Anal must be the ONLY option for females,They want to be dominated by Chad though.,1350,102,1211,2017-11-11T22:43:28+00:00,tehgymcel420,From Zabbaleen Egypt,VIPCOSMIC,5.0,"Nov 10, 2017",25555.0,"time
3h 45m",2017-11-11 17:30:16+00:00,3,[],[],[],[],2017-11,2017-11-11 17:30:16+00:00,2017-11-10 00:00:00+00:00,1,9,0.0005136399954343111,onboarding
436,37759,,JFL Holy shit,just one shower and haircut away...,6268,96,249898,2020-10-13T16:27:36+00:00,turbocuckcel_7000,‎ ‎ ‎ ‎Yoshika Says: T⭕TAL TR⭕⭕N DE⭕TH,overlord,5.0,"May 2, 2018",35894.0,"time
3d 10h",2020-10-13 14:50:07+00:00,49,[],[],['FUCKITALLREEE'],[21271],2020-10,2020-10-13 14:50:07+00:00,2018-05-02 00:00:00+00:00,895,8892,0.5670195128172427,later
437,47310,,Venting Parents,"They had good genes and fucked me up mentally/resource-wise. (you will have nothing to do with girls whatsoever until you leave home if you are sub-chad and your parents don't put down some money or help you/let you host events at your home)

I also have to get along with them now if I want any chance to be normal.",6268,96,51721,2018-06-12T13:54:14+00:00,turbocuckcel_7000,‎ ‎ ‎ ‎Yoshika Says: T⭕TAL TR⭕⭕N DE⭕TH,overlord,5.0,"May 2, 2018",35896.0,"time
3d 11h",2018-06-12 09:34:19+00:00,5,[],[],[],[],2018-06,2018-06-12 09:34:19+00:00,2018-05-02 00:00:00+00:00,41,8,0.0005101390128810101,onboarding
438,26968,,"Experiment [Poll] You have three options, which one do you pick...?",Easy as fuck.,40,100,87718,2018-11-09T15:55:57+00:00,ordinaryotaku,Feminists = cultural traitors deserving execution.,VIPCOSMIC,5.0,"Nov 7, 2017",16402.0,"time
11h 4m",2018-11-08 19:43:55+00:00,9,[],[],[],[],2018-11,2018-11-08 19:43:55+00:00,2017-11-07 00:00:00+00:00,366,1881,0.2210081071554459,later
439,83323,,RageFuel Nothing worse than a cuck bragging about his gf,You're a coping volcel. You can't be truly blackpilled if you believe someone who has a girlfriend and is having sex for free is in any way worse off than us.,95,91,98201,2019-01-02T03:29:15+00:00,Angry_runt,Cursed OGcel,VIPCOSMIC,5.0,"Nov 7, 2017",12635.0,"time
2h 1m",2018-12-31 21:17:49+00:00,8,[],[],['sertralinecel'],[15941],2018-12,2018-12-31 21:17:49+00:00,2017-11-07 00:00:00+00:00,419,2068,0.20840471631563035,later
440,21809,,Discussion Blackpilled to bluepilled incel ratio?,"5/95, 5% being the blackpilled incels, 95% being the bluepilled incels.",40,100,319941,2021-09-20T07:40:52+00:00,ordinaryotaku,Feminists = cultural traitors deserving execution.,VIPCOSMIC,5.0,"Nov 7, 2017",16396.0,"time
10h 42m",2021-09-20 07:38:07+00:00,12,[],[],[],[],2021-09,2021-09-20 07:38:07+00:00,2017-11-07 00:00:00+00:00,1413,6678,0.7846316531547409,later
441,72636,,Experiment Would you be reborn as Chadlite or Stacy?,10/10 Stacy so then I can become a £1000 a day escort,4004,92,137695,2019-08-13T17:20:58+00:00,Murdoch89,Foids will have sex with me in hell,overlord,5.0,"Feb 24, 2018",7965.0,"time
2h 44m",2019-08-12 16:35:55+00:00,38,[],[],[],[],2019-08,2019-08-12 16:35:55+00:00,2018-02-24 00:00:00+00:00,534,2051,0.35337698139214335,later
442,20754,,Post your favorite waifus,Karen from Kiniro Mosaic is my favorite.,40,100,475,2023-02-02T12:57:15+00:00,ordinaryotaku,Feminists = cultural traitors deserving execution.,VIPCOSMIC,5.0,"Nov 7, 2017",16396.0,"time
10h 39m",2017-11-08 23:55:33+00:00,4,[],[],[],[],2017-11,2017-11-08 23:55:33+00:00,2017-11-07 00:00:00+00:00,1,3,0.00035248501938667606,onboarding
443,88878,,Eye contact poll,I’m interested in how guys here experience eye contact (if any),12726,88,68689,2018-08-20T21:32:37+00:00,andinocel,Overlord,overlord,5.0,"Aug 18, 2018",5661.0,"time
1h 27m",2018-08-20 19:27:44+00:00,1,[],[],[],[],2018-08,2018-08-20 19:27:44+00:00,2018-08-18 00:00:00+00:00,2,9,0.0026216137489076608,onboarding
444,19706,,It's Over What do you do if your friend becomes a tranny?,"This happened dozens of times, especially back when I used to run a semi-popular Instagram meme page. A lot of the people who I knew from that community either trooned out, and/or became insufferable progressive-types. Out of the 50+ I knew back then, I only talk to 3 or 4 of those people regularly today.

Tbh I've met very few decent troons. Maybe 1 out of 10,000 are likeable after their troonsition. Their entire behavior and everything they do and like changes, but at the end of the day, it's a big psyop.",40,100,830593,2026-01-19T21:48:40+00:00,ordinaryotaku,Feminists = cultural traitors deserving execution.,VIPCOSMIC,5.0,"Nov 7, 2017",16394.0,"time
10h 28m",2026-01-15 03:07:25+00:00,6,[],[],[],[],2026-01,2026-01-15 03:07:25+00:00,2017-11-07 00:00:00+00:00,2991,8353,0.9814357889789684,later
445,68691,,Serious Is There a Way to Fight Back Against Virgin Shaming?,"I dunno man, I'm sure they would feel shame if they made a grown defenseless man cry. Have you tried just crying? When they start making fun of you for crying, then fling their own shit at them and make fun of them for reinforcing toxic masculinity. That's the fucked up thing about bitches. they'll bitch about ""toxic masculinity"" yet are completely aroused by it.",10247,94,59935,2018-07-13T13:49:00+00:00,SlayerSlayer,The Satoru Iwata of incels.is,admin,5.0,"Jul 10, 2018",25261.0,"time
11h 19m",2018-07-13 06:45:20+00:00,38,[],[],['builderseed'],[6620],2018-07,2018-07-13 06:45:20+00:00,2018-07-10 00:00:00+00:00,3,5,0.0002453265296109121,onboarding
446,98529,,What a fucking clown,"Imagine getting punished for Something Out of your controll ( height / genetics )

Clownworld",6579,86,451545,2023-01-22T11:51:18+00:00,Izayacel,"Blade HatER """,VIPCOSMIC,5.0,"May 5, 2018",26761.0,"time
1d 14h",2023-01-22 11:51:18+00:00,6,[],[],[],[],2023-01,2023-01-22 11:51:18+00:00,2018-05-05 00:00:00+00:00,1723,9706,0.5942570256535847,later
447,87008,,"News Negroid male tries to rape a woman in front of her boyfriend, runs him over with his car","For reasons I can't explain, the media is forcing this propaganda that Blacks are peaceful Hobbits that get unfairly targeted and picked on, when in reality, Blacks are our world's fucking Orcs",12726,88,305166,2021-07-20T20:46:40+00:00,andinocel,Overlord,overlord,5.0,"Aug 18, 2018",5661.0,"time
1h 27m",2021-07-07 11:44:27+00:00,7,[],[],['BladingEagle'],[33893],2021-07,2021-07-07 11:44:27+00:00,2018-08-18 00:00:00+00:00,1054,1917,0.5584037285173318,later
448,25667,,Blackpill You have to Diapermax in Toronto because the empowered skanks only have sex with babies,"Amazing how Canada just lets women off like this, JFL. I can probably get 8 years of prison for staring at a JB's tits in the same country.",40,100,117752,2019-04-19T05:40:18+00:00,ordinaryotaku,Feminists = cultural traitors deserving execution.,VIPCOSMIC,5.0,"Nov 7, 2017",16402.0,"time
11h 2m",2019-04-17 14:45:51+00:00,5,['www.thestar.com'],['https://www.thestar.com/opinion/star-columnists/2018/10/25/court-says-pedophilia-does-not-apply-because-perpetrator-is-a-woman.html'],['Weston404'],[6691],2019-04,2019-04-17 14:45:51+00:00,2017-11-07 00:00:00+00:00,526,3044,0.357654799671014,later
449,18678,,JFL Minimum leg development needed to date in 2018,Muscles are useless for attracting foids.,1350,102,28829,2018-03-14T19:46:01+00:00,tehgymcel420,From Zabbaleen Egypt,VIPCOSMIC,5.0,"Nov 10, 2017",25554.0,"time
3h 37m",2018-03-14 16:37:36+00:00,2,[],[],[],[],2018-03,2018-03-14 16:37:36+00:00,2017-11-10 00:00:00+00:00,124,829,0.04731195069056044,later
450,61158,,[Whitepill] What keeps you from being better for your own sake?,people are gonna make fun of me for trying,10247,94,317438,2021-09-08T09:41:06+00:00,SlayerSlayer,The Satoru Iwata of incels.is,admin,5.0,"Jul 10, 2018",25257.0,"time
11h 10m",2021-09-08 09:41:06+00:00,8,[],[],['extremegamer'],[36515],2021-09,2021-09-08 09:41:06+00:00,2018-07-10 00:00:00+00:00,1156,7910,0.38810656984446296,later
451,19507,,Who/What do you blame for your inceldom?,Besides the Jews.,1350,102,2356,2017-11-17T08:45:25+00:00,tehgymcel420,From Zabbaleen Egypt,VIPCOSMIC,5.0,"Nov 10, 2017",25555.0,"time
3h 45m",2017-11-16 22:23:11+00:00,1,[],[],[],[],2017-11,2017-11-16 22:23:11+00:00,2017-11-10 00:00:00+00:00,6,15,0.0008560666590571853,onboarding
452,88877,,Experiences mostly dictates idealogy,"Excellent, excellent observation.

You wrote “men are expected to be meek and submissive” and this prompted a question for anyone reading here.....do people generally assume incels are “sweet, meek, harmless”?",12726,88,68710,2018-08-20T21:52:18+00:00,andinocel,Overlord,overlord,5.0,"Aug 18, 2018",5661.0,"time
1h 27m",2018-08-20 21:49:15+00:00,5,[],[],[],[],2018-08,2018-08-20 21:49:15+00:00,2018-08-18 00:00:00+00:00,2,15,0.004369356248179435,onboarding
453,139941,,How do you deal with depression?,"LDAR

[attachment=2464]",3859,85,24353,2018-02-23T20:29:34+00:00,RandomGuy,Paragon,VIPCOSMIC,5.0,"Feb 20, 2018",18553.0,"time
1d 12h",2018-02-22 22:38:52+00:00,14,[],[],[],[],2018-02,2018-02-22 22:38:52+00:00,2018-02-20 00:00:00+00:00,2,16,0.00408997955010225,onboarding
454,74592,,Why do so many Chads go for average looking girls,"So many below average and ugly women in this world with big tits and big asses,lots of chads don't,t care about face",4004,92,26844,2018-03-07T12:27:41+00:00,Murdoch89,Foids will have sex with me in hell,overlord,5.0,"Feb 24, 2018",7965.0,"time
2h 45m",2018-03-05 21:15:40+00:00,14,[],[],[],[],2018-03,2018-03-05 21:15:40+00:00,2018-02-24 00:00:00+00:00,9,14,0.002412129565816678,onboarding
455,139713,,Jews created the incel epidemic and are responsible for my subhumanes,[attachment=2420],3859,85,24055,2018-04-20T02:58:40+00:00,RandomGuy,Paragon,VIPCOSMIC,5.0,"Feb 20, 2018",18553.0,"time
1d 12h",2018-02-22 00:28:05+00:00,94,[],[],[],[],2018-02,2018-02-22 00:28:05+00:00,2018-02-20 00:00:00+00:00,2,9,0.0023006134969325155,onboarding
456,47145,,SuicideFuel Another thing that sucks about getting old...,"I've turned 30 and don't feel any huge differences yet, obviously some things are different like my back gets stiff a lot more easily and my nearsightedness is worse, but if you take care of yourself you can feel almost the same as far as vigor.
Dopamine hits can still be very high, it's just that now they are always followed by awful long-lasting crashes because deep down I know whatever stupid bullshit I entertained myself with is a joke compared to the bonding and companionship and security I should be having by now, you should literally be watching your baby's first steps by now.

Fasting, supplements, avoiding smoking, dieting etc can slow down your aging and balding and give you more time to have a chance to ascend.

It's still fucking useless if this shitty ass world doesn't give you a chance to grab onto however.",6268,96,53052,2018-07-09T08:17:41+00:00,turbocuckcel_7000,‎ ‎ ‎ ‎Yoshika Says: T⭕TAL TR⭕⭕N DE⭕TH,overlord,5.0,"May 2, 2018",35896.0,"time
3d 11h",2018-06-16 23:35:24+00:00,12,[],[],[],[],2018-06,2018-06-16 23:35:24+00:00,2018-05-02 00:00:00+00:00,45,16,0.0010202780257620202,onboarding
457,101069,,LifeFuel what a wonderful day it was,"i wasnt outside today , and the day before and the day before that day .

kek .

i did stockpile on groceries early this week , now i can avoid nuisance "".",6579,86,392846,2022-07-22T18:57:42+00:00,Izayacel,"Blade HatER """,VIPCOSMIC,5.0,"May 5, 2018",26780.0,"time
1d 14h",2022-07-22 18:57:42+00:00,2,[],[],[],[],2022-07,2022-07-22 18:57:42+00:00,2018-05-05 00:00:00+00:00,1539,7909,0.48423437213004344,later
458,20468,,this girl is stalking us right now,"HAHAHAHA 

THAT'S WHAT ALL OF THEM LOOK LIKE",40,100,476,2023-09-20T13:09:01+00:00,ordinaryotaku,Feminists = cultural traitors deserving execution.,VIPCOSMIC,5.0,"Nov 7, 2017",16395.0,"time
10h 36m",2017-11-08 23:52:56+00:00,31,[],[],[],[],2017-11,2017-11-08 23:52:56+00:00,2017-11-07 00:00:00+00:00,1,1,0.00011749500646222535,onboarding
459,47260,,RageFuel Its been weeks i dont see my crush n°2,"Yeah, and they only switch when they have a new boyfriend lined up in their friends group, they spend 0 time waiting for you to come up to them in coffee shops or paths in the park, either you become NT and get friends or you're fucked.",6268,96,52694,2018-06-20T20:41:48+00:00,turbocuckcel_7000,‎ ‎ ‎ ‎Yoshika Says: T⭕TAL TR⭕⭕N DE⭕TH,overlord,5.0,"May 2, 2018",35896.0,"time
3d 11h",2018-06-15 21:54:07+00:00,18,[],[],['Incel Prime'],[8746],2018-06,2018-06-15 21:54:07+00:00,2018-05-02 00:00:00+00:00,44,13,0.0008289758959316414,onboarding
460,28318,,I REALLY FUCKIN NEED A HOME GYM,"To be honest I completely stopped going to my gym about a month ago, for the same reasons you said. I've been at it for 1.5 years but I really don't feel like publicly working out. 

Too bad home gyms are damn expensive unless you can somehow pirate a CD workout program and get all the equipment seperately too.",40,100,16276,2018-01-25T20:15:56+00:00,ordinaryotaku,Feminists = cultural traitors deserving execution.,VIPCOSMIC,5.0,"Nov 7, 2017",16402.0,"time
11h 5m",2018-01-23 05:55:03+00:00,42,[],[],[],[],2018-01,2018-01-23 05:55:03+00:00,2017-11-07 00:00:00+00:00,77,610,0.07167195394195747,later
461,47295,,LifeFuel Inner fulfullment without women,"Ambition will break down unless you are a virtuoso or polymath, your projects will either reveal their banality as you work on them, lose steam as you get mentally fatigued or bore you with their simplicity if they are easy enough to work on, you need well over 130-135 IQ to do anything notable and interesting in a slightly reasonable timeframe before losing interest and the will to go on.
Talking from experience, attempts to do something notable without superhuman IQ will exhaust the hell out of you as you throw more resources at the problem to break through, leave you with nothing to show for it, and with no refuge to recharge your batteries from all the accumulated strain (no loving mommy foid's arms for you)",6268,96,52561,2018-06-17T18:26:43+00:00,turbocuckcel_7000,‎ ‎ ‎ ‎Yoshika Says: T⭕TAL TR⭕⭕N DE⭕TH,overlord,5.0,"May 2, 2018",35896.0,"time
3d 11h",2018-06-16 23:49:47+00:00,18,[],[],[],[],2018-06,2018-06-16 23:49:47+00:00,2018-05-02 00:00:00+00:00,45,17,0.0010840454023721465,onboarding
462,47270,,Serious White girls are overrated,"I like girls that are like me the most, i.e about 95% white, with black and very, very slightly kinky/wiry/curly hair.
IDGAF about blondes and gingers and shit, like in that fable I want ""my axe"", not the silver or golden axe.",6268,96,52830,2018-06-19T18:00:32+00:00,turbocuckcel_7000,‎ ‎ ‎ ‎Yoshika Says: T⭕TAL TR⭕⭕N DE⭕TH,overlord,5.0,"May 2, 2018",35896.0,"time
3d 11h",2018-06-17 00:28:50+00:00,91,[],[],[],[],2018-06,2018-06-17 00:28:50+00:00,2018-05-02 00:00:00+00:00,46,19,0.0012115801555923989,onboarding
463,20431,,old pictures that were safed on my pc and didnt got purged,Are you implying that we're just negative out of the blue?,40,100,462,2023-11-13T00:13:08+00:00,ordinaryotaku,Feminists = cultural traitors deserving execution.,VIPCOSMIC,5.0,"Nov 7, 2017",16395.0,"time
10h 36m",2017-11-09 01:14:08+00:00,3,[],[],['BigDiccPussayDestroyer'],[None],2017-11,2017-11-09 01:14:08+00:00,2017-11-07 00:00:00+00:00,2,7,0.0008224650452355775,onboarding
464,86003,,"Study: Yes, you are probably uglier than you think (foids, however, are more accurate regarding their attraction level)","When I was clueless and bluepilled, I thought I was a 6 to 7. The cruelty and bullying from foids in middle & high school and the times niggers straight out called me ugly to my face, I brushed it off as ""tHeY wErE jUsT kIdS"". Then I started online dating and uploaded my photo to HotOrNOt (yes I'm that old), and my ratings were about 3 to 4 --- basically half of how I rated myself. And this study confirms that most men are 2X less attractive than what they think.",12726,88,501192,2023-09-10T16:42:39+00:00,andinocel,Overlord,overlord,5.0,"Aug 18, 2018",5661.0,"time
1h 27m",2023-07-03 17:09:28+00:00,1,[],[],[],[],2023-07,2023-07-03 17:09:28+00:00,2018-08-18 00:00:00+00:00,1780,2851,0.830468977570638,later
465,6224,,Serious Females should be ashamed of their stinky roast beef flaps,That's why they always cover themselves in strong scents.,1350,102,337884,2021-12-06T07:31:21+00:00,tehgymcel420,From Zabbaleen Egypt,VIPCOSMIC,5.0,"Nov 10, 2017",25554.0,"time
3h 29m",2021-12-06 02:08:58+00:00,14,[],[],['Broly'],[34171],2021-12,2021-12-06 02:08:58+00:00,2017-11-10 00:00:00+00:00,1487,12646,0.721721264695811,later
466,79809,,Tinder in SEA is at least half trannies,"Trannies, prostitutes and trannie-prostitutes. And those who are not either just want a ticket out of their shitty country. 

There is no woman on this planet who is attracted to ugly guys.",95,91,216510,2020-06-22T06:11:03+00:00,Angry_runt,Cursed OGcel,VIPCOSMIC,5.0,"Nov 7, 2017",12635.0,"time
2h 1m",2020-06-21 18:45:13+00:00,2,[],[],[],[],2020-06,2020-06-21 18:45:13+00:00,2017-11-07 00:00:00+00:00,957,5433,0.5475158722160637,later
467,111253,,RageFuel Accepting truth HOLY TRINITY LMS IS ALL or Cope,Im ger,6579,86,41420,2018-05-05T20:25:38+00:00,Izayacel,"Blade HatER """,VIPCOSMIC,5.0,"May 5, 2018",26813.0,"time
1d 16h",2018-05-05 19:02:06+00:00,4,[],[],[],[],2018-05,2018-05-05 19:02:06+00:00,2018-05-05 00:00:00+00:00,0,2,0.0001224514786016041,onboarding
468,135001,,Serious Incels with some money who are looking to moneymaxx should get in touch with me for a business deal.,Not enough juice.,3859,85,528799,2023-09-24T12:00:07+00:00,RandomGuy,Paragon,VIPCOSMIC,5.0,"Feb 20, 2018",18541.0,"time
1d 11h",2023-09-23 23:15:07+00:00,25,[],[],[],[],2023-09,2023-09-23 23:15:07+00:00,2018-02-20 00:00:00+00:00,2041,2746,0.7019427402862985,later
469,139961,,You are incel because you are goyim,"Those are low status Jews, more like street sh*ters.
This one is a slayer...

[attachment=2454]",3859,85,20772,2018-02-22T17:28:09+00:00,RandomGuy,Paragon,VIPCOSMIC,5.0,"Feb 20, 2018",18553.0,"time
1d 12h",2018-02-22 17:28:09+00:00,6,[],[],[],[],2018-02,2018-02-22 17:28:09+00:00,2018-02-20 00:00:00+00:00,2,15,0.003834355828220859,onboarding
470,85375,,Reminder: there's more incels than gays,"Even if they don't call themselves incel, the bottom 5% of men are incel and that's more than there are gay guys.

Numbers are not our problem, it's the lack of coordination. We could change outcomes of elections. Come to think of it, we already might have.",95,91,1238,2017-11-11T17:13:37+00:00,Angry_runt,Cursed OGcel,VIPCOSMIC,5.0,"Nov 7, 2017",12635.0,"time
2h 1m",2017-11-11 15:52:48+00:00,1,[],[],[],[],2017-11,2017-11-11 15:52:48+00:00,2017-11-07 00:00:00+00:00,4,18,0.0018139675501360475,onboarding
471,80840,,Humiliating momens as an incel.,"Be gymcelling for 5 years.

Walking along the riverfront, hear two girls behind me on bikes saying something to the effect of ""Check out the hunk""

They pass me, see my face, look at each other like ""Oh shit"" expression.",95,91,45,2019-12-26T20:34:28+00:00,Angry_runt,Cursed OGcel,VIPCOSMIC,5.0,"Nov 7, 2017",12635.0,"time
2h 1m",2017-11-08 05:46:53+00:00,11,[],[],[],[],2017-11,2017-11-08 05:46:53+00:00,2017-11-07 00:00:00+00:00,1,0,0.0,onboarding
472,89064,,RageFuel SOME HATE / RAGE MOMENT I JUST HAD,Gerechtfertiger Hass . Hahaha !,6579,86,847901,2026-05-22T09:29:20+00:00,Izayacel,"Blade HatER """,VIPCOSMIC,5.0,"May 5, 2018",26747.0,"time
1d 12h",2026-03-01 00:02:10+00:00,24,[],[],[],[],2026-03,2026-03-01 00:02:10+00:00,2018-05-05 00:00:00+00:00,2857,15505,0.9493050878589359,later
473,68680,,"Serious What is the one thing that, in addiction to your inceldom/mentalceldom, if it were to happen to you, you know for a FACT that you'd rope. No hyperbole","If I'm ever falsely accused for a shameful crime, I don't think I'd be strong enough to deal with the consequences.",10247,94,60707,2018-07-18T03:38:00+00:00,SlayerSlayer,The Satoru Iwata of incels.is,admin,5.0,"Jul 10, 2018",25261.0,"time
11h 19m",2018-07-16 10:18:10+00:00,38,[],[],[],[],2018-07,2018-07-16 10:18:10+00:00,2018-07-10 00:00:00+00:00,6,13,0.0006378489769883715,onboarding
474,125594,,"Guard asked if I am a ""Man"" because I didn't helped a roastie",Probably because I'm a autism mutecel so they say this without fear of consequences.,1769,85,3804,2022-04-24T14:40:38+00:00,AsiaCel,shalom goyim,VIPCOSMIC,5.0,"Nov 24, 2017",30107.0,"time
14h 35m",2017-11-24 10:11:44+00:00,5,[],[],['Angry_runt'],[None],2017-11,2017-11-24 10:11:44+00:00,2017-11-24 00:00:00+00:00,0,6,0.00031443244942878104,onboarding
475,74601,,How do you release your anger?,By drinking a case of beer,4004,92,24741,2018-02-24T21:35:42+00:00,Murdoch89,Foids will have sex with me in hell,overlord,5.0,"Feb 24, 2018",7965.0,"time
2h 45m",2018-02-24 13:59:27+00:00,20,[],[],[],[],2018-02,2018-02-24 13:59:27+00:00,2018-02-24 00:00:00+00:00,0,2,0.00034458993797381116,onboarding
476,92385,,RageFuel Retarded reddit post about Inkwells,"Have fun self iiimmmppprrrooovvviiinnnggg as a 5 2 bound to a Wheelchair while living in 3. World Conditions . 

Btw take a Shower , just in case .",6579,86,741023,2025-05-01T21:04:49+00:00,Izayacel,"Blade HatER """,VIPCOSMIC,5.0,"May 5, 2018",26748.0,"time
1d 13h",2025-05-01 20:31:02+00:00,9,[],[],[],[],2025-05,2025-05-01 20:31:02+00:00,2018-05-05 00:00:00+00:00,2553,13964,0.8549562235963999,later
477,88875,,Too nice?,Took me a while to learn that but I was blue pill for too long.,12726,88,68744,2018-08-20T23:45:13+00:00,andinocel,Overlord,overlord,5.0,"Aug 18, 2018",5661.0,"time
1h 27m",2018-08-20 23:45:13+00:00,10,[],[],['tomale'],[9121],2018-08,2018-08-20 23:45:13+00:00,2018-08-18 00:00:00+00:00,2,18,0.0052432274978153216,onboarding
478,68021,,JFL This subhuman looking foid on tinder still gets matches,"I think she's kinda of pretty, and although there's no body pics, she's probably not fat. Would date and betabuxx, but she would probably swipe left on me, that bitch.",10247,94,59320,2019-04-13T04:35:21+00:00,SlayerSlayer,The Satoru Iwata of incels.is,admin,5.0,"Jul 10, 2018",25261.0,"time
11h 19m",2018-07-10 13:33:22+00:00,14,[],[],[],[],2018-07,2018-07-10 13:33:22+00:00,2018-07-10 00:00:00+00:00,0,2,9.813061184436484e-05,onboarding
479,111261,,SuicideFuel Official weekend rotting thread ( Fakecels stay out !!! ),Ah intresting,6579,86,41387,2018-05-05T20:24:35+00:00,Izayacel,"Blade HatER """,VIPCOSMIC,5.0,"May 5, 2018",26813.0,"time
1d 16h",2018-05-05 19:35:29+00:00,39,[],[],[],[],2018-05,2018-05-05 19:35:29+00:00,2018-05-05 00:00:00+00:00,0,7,0.0004285801751056144,onboarding
480,74603,,Anyone have no drive for anything?,"I can,t get my head around to do anything,I stay up all night and sleep all day rotting in my own fifth",4004,92,24786,2018-02-24T18:15:40+00:00,Murdoch89,Foids will have sex with me in hell,overlord,5.0,"Feb 24, 2018",7965.0,"time
2h 45m",2018-02-24 17:36:43+00:00,9,[],[],[],[],2018-02,2018-02-24 17:36:43+00:00,2018-02-24 00:00:00+00:00,0,4,0.0006891798759476223,onboarding
481,73335,,Chad vs brad,Brad is just an average looking guy but can still get regular sex now and then,4004,92,111312,2019-03-09T06:59:44+00:00,Murdoch89,Foids will have sex with me in hell,overlord,5.0,"Feb 24, 2018",7965.0,"time
2h 44m",2019-03-09 06:43:01+00:00,7,[],[],[],[],2019-03,2019-03-09 06:43:01+00:00,2018-02-24 00:00:00+00:00,378,1346,0.2319090282563749,later
482,126139,,JFL TikTok Coronavirus challenge,You hope she gets coronavirus (on plague inc),1769,85,186639,2020-03-16T21:01:20+00:00,AsiaCel,shalom goyim,VIPCOSMIC,5.0,"Nov 24, 2017",30108.0,"time
14h 49m",2020-03-16 13:50:24+00:00,8,[],[],['JohnWickCel'],[24160],2020-03,2020-03-16 13:50:24+00:00,2017-11-24 00:00:00+00:00,843,5541,0.2903783670474793,later
483,72344,,Experiment Will Autism Be Reversible in the Future,"What is autism, is it similar to borderline personality disorder",4004,92,144100,2019-09-17T13:06:25+00:00,Murdoch89,Foids will have sex with me in hell,overlord,5.0,"Feb 24, 2018",7965.0,"time
2h 44m",2019-09-12 15:38:15+00:00,31,[],[],[],[],2019-09,2019-09-12 15:38:15+00:00,2018-02-24 00:00:00+00:00,565,2327,0.4009303928325293,later
484,96603,,RageFuel I bet my female friend wants to have sex with my father,"Cucked by your own Father , Imagine .",6579,86,499194,2023-08-05T06:23:06+00:00,Izayacel,"Blade HatER """,VIPCOSMIC,5.0,"May 5, 2018",26761.0,"time
1d 14h",2023-07-14 08:17:45+00:00,14,[],[],[],[],2023-07,2023-07-14 08:17:45+00:00,2018-05-05 00:00:00+00:00,1896,10916,0.6683401702075552,later
485,136302,,I got a case of the Mondays,Stock Market crash again for seventh straight week.,3859,85,413510,2022-09-26T22:19:56+00:00,RandomGuy,Paragon,VIPCOSMIC,5.0,"Feb 20, 2018",18547.0,"time
1d 12h",2022-09-26 20:52:44+00:00,7,[],[],[],[],2022-09,2022-09-26 20:52:44+00:00,2018-02-20 00:00:00+00:00,1679,2234,0.5710633946830266,later
486,84990,,Serious Can teens call themselves incel?,No. Teenagers OUT,95,91,41052,2018-05-04T10:43:01+00:00,Angry_runt,Cursed OGcel,VIPCOSMIC,5.0,"Nov 7, 2017",12635.0,"time
2h 1m",2018-05-04 08:46:08+00:00,12,[],[],[],[],2018-05,2018-05-04 08:46:08+00:00,2017-11-07 00:00:00+00:00,178,436,0.04393832510329537,later
487,88879,,Eye contact poll,I’m actually doing an experiment on this...I’ll follow up soon,12726,88,68689,2018-08-20T21:32:37+00:00,andinocel,Overlord,overlord,5.0,"Aug 18, 2018",5661.0,"time
1h 27m",2018-08-20 19:57:33+00:00,12,[],[],[],[],2018-08,2018-08-20 19:57:33+00:00,2018-08-18 00:00:00+00:00,2,10,0.0029129041654529565,onboarding
488,13470,,SuicideFuel USA Powerlifting bans all trans women from competing as women,"But ""trans women"" are men.",1350,102,123459,2019-05-26T19:49:20+00:00,tehgymcel420,From Zabbaleen Egypt,VIPCOSMIC,5.0,"Nov 10, 2017",25554.0,"time
3h 37m",2019-05-26 15:48:28+00:00,12,[],[],['MayorOfKekville'],[1252],2019-05,2019-05-26 15:48:28+00:00,2017-11-10 00:00:00+00:00,562,5774,0.3295285926264125,later
489,3936,,Serious TIL King Tut was an incel,I hear he roped because his oneitis rejected him,1350,102,473165,2023-03-31T19:19:03+00:00,tehgymcel420,From Zabbaleen Egypt,VIPCOSMIC,5.0,"Nov 10, 2017",25554.0,"time
3h 29m",2023-03-31 04:42:23+00:00,9,[],[],['darkdungeon'],[48819],2023-03,2023-03-31 04:42:23+00:00,2017-11-10 00:00:00+00:00,1967,14360,0.8195411482707453,later
490,48200,,Discussion Do you cope by buying random shit off the internet?,"I love buying random shit, especially computer parts",10247,94,823366,2026-01-21T18:36:47+00:00,SlayerSlayer,The Satoru Iwata of incels.is,admin,5.0,"Jul 10, 2018",25244.0,"time
10h 4m",2025-12-25 08:49:46+00:00,41,[],[],['ogreism'],[88460],2025-12,2025-12-25 08:49:46+00:00,2018-07-10 00:00:00+00:00,2725,19518,0.9576566409891566,later
491,38806,,Serious I legit believe I may be the ugliest person here.,"you could probably do something with that height, but let me guess, women still avoid you like the plague",6268,96,205756,2020-05-21T11:49:36+00:00,turbocuckcel_7000,‎ ‎ ‎ ‎Yoshika Says: T⭕TAL TR⭕⭕N DE⭕TH,overlord,5.0,"May 2, 2018",35894.0,"time
3d 10h",2020-05-20 21:55:19+00:00,48,[],[],[],[],2020-05,2020-05-20 21:55:19+00:00,2018-05-02 00:00:00+00:00,749,7923,0.5052289248820303,later
492,11079,,Experiment Can you watch this whole video without wanting to rope?,"That one was bad, there's also a noodle with a white guy.",1350,102,182912,2020-03-01T18:11:49+00:00,tehgymcel420,From Zabbaleen Egypt,VIPCOSMIC,5.0,"Nov 10, 2017",25554.0,"time
3h 37m",2020-03-01 06:41:14+00:00,3,[],[],['Amacko'],[21908],2020-03,2020-03-01 06:41:14+00:00,2017-11-10 00:00:00+00:00,842,8036,0.45862344481223605,later
493,139965,,Why does this guy still look bad with a lean face and hollow cheeks?,Chad tryhard fail,3859,85,23948,2018-02-22T03:49:39+00:00,RandomGuy,Paragon,VIPCOSMIC,5.0,"Feb 20, 2018",18553.0,"time
1d 12h",2018-02-21 09:29:38+00:00,9,[],[],[],[],2018-02,2018-02-21 09:29:38+00:00,2018-02-20 00:00:00+00:00,1,3,0.0007668711656441718,onboarding
494,94110,,Theory The true reason why there are some many famous male celebrities that are getting caught with minors.,"Tbh , Western society is hyper gynocentric and Woman have imploded Egos in their mid 20ths . / higher Risk of Cheating or being more Deceptive .

Really cant blaue those Guys einher,  you gotta use every Advantage your Given in this Shit """,6579,86,645115,2024-08-30T09:13:26+00:00,Izayacel,"Blade HatER """,VIPCOSMIC,5.0,"May 5, 2018",26753.0,"time
1d 13h",2024-08-30 08:04:27+00:00,33,[],[],['Fat Link'],[20167],2024-08,2024-08-30 08:04:27+00:00,2018-05-05 00:00:00+00:00,2309,12781,0.7825261740035511,later
495,74602,,"There's No Reason to Want a ""Girlfriend""",I just want the touch of a woman,4004,92,24801,2018-02-24T20:38:20+00:00,Murdoch89,Foids will have sex with me in hell,overlord,5.0,"Feb 24, 2018",7965.0,"time
2h 45m",2018-02-24 18:50:38+00:00,16,[],[],[],[],2018-02,2018-02-24 18:50:38+00:00,2018-02-24 00:00:00+00:00,0,5,0.0008614748449345279,onboarding
496,84627,,Blackpill jUsT LiFt bRo,I'm kinda curious but it's just too sad for me to investigate. I guess you can do a Google search by thread titles.,95,91,54784,2018-06-23T16:36:25+00:00,Angry_runt,Cursed OGcel,VIPCOSMIC,5.0,"Nov 7, 2017",12635.0,"time
2h 1m",2018-06-23 02:24:00+00:00,7,[],[],['Dr. Rothschild'],[8612],2018-06,2018-06-23 02:24:00+00:00,2017-11-07 00:00:00+00:00,228,783,0.07890758843091807,later
497,91869,,Wanting sex is social conditioning.,Sex is a biological Subconscious Urge .,6579,86,761221,2025-07-09T18:26:50+00:00,Izayacel,"Blade HatER """,VIPCOSMIC,5.0,"May 5, 2018",26748.0,"time
1d 13h",2025-07-01 10:15:21+00:00,14,[],[],[],[],2025-07,2025-07-01 10:15:21+00:00,2018-05-05 00:00:00+00:00,2614,14260,0.8730790424294373,later
498,136645,,Discussion Why do we assume that the global elites are jewish?,(((Freud))),3859,85,391379,2022-07-18T01:07:13+00:00,RandomGuy,Paragon,VIPCOSMIC,5.0,"Feb 20, 2018",18547.0,"time
1d 12h",2022-07-17 14:00:06+00:00,33,[],[],['HateCurry'],[44061],2022-07,2022-07-17 14:00:06+00:00,2018-02-20 00:00:00+00:00,1608,2065,0.5278629856850716,later
499,23491,,Serious Black Pilled Or Not (Poll) - Its Time To Be Honest With Yourself,"My sister/mom/female family members are mostly in household positions and are traditional at mind, so they wouldn't mind it in the first place, and they definitely wouldn't kill themselves from the patriarchy being re-established, lmao.",40,100,183370,2020-03-03T16:12:39+00:00,ordinaryotaku,Feminists = cultural traitors deserving execution.,VIPCOSMIC,5.0,"Nov 7, 2017",16397.0,"time
10h 53m",2020-03-03 03:39:14+00:00,24,[],[],[],[],2020-03,2020-03-03 03:39:14+00:00,2017-11-07 00:00:00+00:00,847,4965,0.5833627070849489,later
